"line","word_count","font_size","is_bold","color","title_case","label"
"J .D. Power and Associates Reports: Vehicle Owners Show Willingness to Spend on Automotive Infotainment Features","16","12.729","True","#000000","True","heading"
"A utonomous Driving Technology Piques Interest of Premium Vehicle Owners","10","12.321","False","#000000","False","paragraph"
"W ESTLAKE VILLAGE, Calif.: 26 April 2012 — Vehicle owners have come to expect additional safety","16","12.321","False","#000000","False","paragraph"
"features and are now turning their attention more to infotainment technologies in their vehicle, according to the","17","12.321","False","#000000","False","paragraph"
"J.D. Power and Associates 2012 U.S. Automotive Emerging Technologies StudySM released today.","12","12.321","False","#000000","False","paragraph"
"T he study measures vehicle owner interest and purchase intent for emerging automotive technologies, both before","16","12.321","False","#000000","False","paragraph"
"and after market price is revealed. The top-five considered technologies—based on vehicle owners who indicate","15","12.321","False","#000000","False","paragraph"
"that they “definitely” or “probably” would purchase in their next vehicle—both pre-price and at market price are:","17","12.321","False","#000000","False","paragraph"
"P re-Price Feature Interest","4","12.321","False","#000000","False","paragraph"
"Light emitting diode (LED) headlights","5","12.321","False","#000000","False","paragraph"
"Natural language voice-activation","3","12.321","False","#000000","False","paragraph"
"Next-generation head-up display","3","12.321","False","#000000","False","paragraph"
"Wireless connectivity system","3","12.321","False","#000000","False","paragraph"
"Remote vehicle diagnostics","3","12.321","False","#000000","False","paragraph"
"At Market Price Feature Interest","5","12.321","False","#000000","True","paragraph"
"70% HD radio (at $100)","5","12.321","False","#000000","False","paragraph"
"52%","1","12.321","False","#000000","True","paragraph"
"69% Enhanced collision mitigation system (at $750) 46%","8","12.321","False","#000000","False","paragraph"
"69% Wireless connectivity system (at $300) 45%","7","12.321","False","#000000","False","paragraph"
"68% Surround-view rear-vision camera (at $550) 44%","7","12.321","False","#000000","False","paragraph"
"65% Personal assistance safety services (at $15/month) 41%","8","12.321","False","#000000","False","paragraph"
"N ot unexpectedly, purchase interest declines across all features when a price is introduced.","14","12.321","False","#000000","False","paragraph"
"“ While vehicle owners remain very interested in technologies that make their vehicle safer, they are turning their","18","12.321","False","#000000","False","paragraph"
"attention more and more toward features and technologies that allow them to be productive, connected and","16","12.321","False","#000000","False","paragraph"
"entertained while in their vehicles,” said Mike VanNieuwkuyk, executive director of global automotive at J.D.","15","12.321","False","#000000","False","paragraph"
"Power and Associates. “Given the variety of interests from consumers, automakers will be challenged to pursue","16","12.321","False","#000000","False","paragraph"
"technologies that fit their consumer’s interests in order to attract them to their products.”","14","12.321","False","#000000","False","paragraph"
"Autonomous Driving—Polarizing Views on Value","6","12.729","True","#000000","False","heading"
"One of the newest, and the most expensive, technologies included in this study is autonomous driving mode—a","17","12.321","False","#000000","False","paragraph"
"feature that allows the vehicle to take control of acceleration, braking and steering, without any human","16","12.321","False","#000000","False","paragraph"
"interaction. While this technology is still being developed and tested, 20 percent of all vehicle owners say they","18","12.321","False","#000000","False","paragraph"
"“definitely would” or “probably would” purchase it in their next vehicle after learning the estimated market price","17","12.321","False","#000000","False","paragraph"
"of $3,000. Prior to learning the price, interest for this technology was at 37 percent.","15","12.321","False","#000000","False","paragraph"
"T he study finds that vehicle owners are nearly as likely to select fully autonomous driving mode as they are to","21","12.321","False","#000000","False","paragraph"
"select semi-autonomous driving technologies such as emergency stop assist ($800), traffic jam assist ($800) or","15","12.321","False","#000000","False","paragraph"
"speed limit assist ($800).","4","12.321","False","#000000","False","paragraph"
"“ Consumers are still learning about how autonomous driving technology could be used in their vehicles,” said","17","12.321","False","#000000","False","paragraph"
"VanNieuwkuyk. “Many owners are skeptical about releasing control of their vehicle and would like to see the","17","12.321","False","#000000","False","paragraph"
"technology proved out before they adopt it.”","7","12.321","False","#000000","False","paragraph"
"(Page 1 of 3)","4","12.321","False","#000000","False","paragraph"
"Vehicle owners with the highest interest in fully autonomous driving at market price are males (25%), those","17","12.321","False","#000000","False","paragraph"
"between the ages of 18 and 37 (30%), and those living in urban areas (30%). The study also finds a high degree","22","12.321","False","#000000","False","paragraph"
"of interest (41%) in fully autonomous driving among vehicle owners who expressed interest in the automatic","16","12.321","False","#000000","False","paragraph"
"parallel parking feature, further illustrating similar interest in both semi-autonomous and fully autonomous","13","12.321","False","#000000","False","paragraph"
"driving modes.","2","12.321","False","#000000","False","paragraph"
"I nterest in autonomous driving mode differs among premium and non-premium vehicle owners. After learning the","16","12.321","False","#000000","False","paragraph"
"price, interest in the feature is at 18 percent among non-premium vehicle owners and at 31 percent among","18","12.321","False","#000000","False","paragraph"
"premium owners.","2","12.321","False","#000000","False","paragraph"
"R esearch conducted1 by J.D. Power’s Consumer Insight and Strategy Group to track social media activity","16","12.321","False","#000000","False","paragraph"
"regarding autonomous driving finds that online sentiment is generally positive. While some vehicle owners","14","12.321","False","#000000","False","paragraph"
"perceive the benefit of autonomous driving as taking the control away from careless, distracted drivers, others see","17","12.321","False","#000000","False","paragraph"
"it as an opportunity to be free and to enjoy the time while traveling. However, auto enthusiasts see autonomous","19","12.321","False","#000000","False","paragraph"
"driving as the loss of status and would not want to give up the pleasure of driving.","17","12.321","False","#000000","False","paragraph"
"O ther social media research findings include:","7","12.321","False","#000000","False","paragraph"
"Many drivers believe that autonomous driving is an emerging trend, but is still far off in daily use","18","12.321","False","#000000","False","paragraph"
"primarily due to legal barriers and real-life implementation hurdles.","9","12.321","False","#000000","False","paragraph"
"Drivers would want the option for autonomy during times of “boring” driving, such as commuting to and","17","12.321","False","#000000","False","paragraph"
"from work, highway driving, going to the store or finding a parking space, but want to take control for","19","12.321","False","#000000","False","paragraph"
"pleasure driving or manual maneuvering.","5","12.321","False","#000000","False","paragraph"
"Given consumer expectation that an autonomous vehicle will cost more upfront and also to maintain than","16","12.321","False","#000000","False","paragraph"
"a traditional vehicle, some consumers envision the potential for vehicle-sharing programs with neighbors","13","12.321","False","#000000","False","paragraph"
"or within families as a means to offset these costs.","10","12.321","False","#000000","False","paragraph"
"T he 2012 U.S. Automotive Emerging Technologies Study is based on responses from more than 17,400 vehicle","17","12.321","False","#000000","False","paragraph"
"owners. The study was fielded in March 2012. The study includes 23 primary technologies, each with related","17","12.321","False","#000000","False","paragraph"
"secondary technologies; analyses on device connectivity, navigation, safety and premium sound systems; a key","14","12.321","False","#000000","False","paragraph"
"emerging technologies packaging exercise; an emerging technologies adoption calculator; and expanded","11","12.321","False","#000000","False","paragraph"
"psychographic and lifestyle-driven content.","4","12.321","False","#000000","False","paragraph"
"About J.D. Power and Associates","6","12.729","True","#000000","True","heading"
"Headquartered in Westlake Village, Calif., J.D. Power and Associates is a global marketing information services","15","12.321","False","#000000","False","paragraph"
"company providing performance improvement, social media and customer satisfaction insights and solutions.","12","12.321","False","#000000","False","paragraph"
"The company’s quality and satisfaction measurements are based on responses from millions of consumers","14","12.321","False","#000000","False","paragraph"
"annually. For more information on car reviews and ratings, car insurance, health insurance, cell phone ratings, and","17","12.321","False","#000000","False","paragraph"
"more, please visit JDPower.com. J.D. Power and Associates is a business unit of The McGraw-Hill Companies.","16","12.321","False","#000000","False","paragraph"
"About The McGraw-Hill Companies","5","12.729","True","#000000","True","heading"
"McGraw-Hill announced on September 12, 2011, its intention to separate into two public companies: McGraw-","15","12.321","False","#000000","False","paragraph"
"Hill Financial, a leading provider of content and analytics to global financial markets, and McGraw-Hill","15","12.321","False","#000000","False","paragraph"
"Education, a leading education company focused on digital learning and education services worldwide. McGraw-","14","12.321","False","#000000","False","paragraph"
"Hill Financial’s leading brands include Standard & Poor’s Ratings Services, S&P Capital IQ, S&P Indices, Platts","16","12.321","False","#000000","False","paragraph"
"energy information services and J.D. Power and Associates. With sales of $6.2 billion in 2011, the Corporation","17","12.321","False","#000000","False","paragraph"
"has approximately 23,000 employees across more than 280 offices in 40 countries. Additional information is","15","12.321","False","#000000","False","paragraph"
"available at http://www.mcgraw-hill.com/.","3","12.321","False","#000000","False","paragraph"
"1 Autonomous driving social media research includes information from October 2011 through April 2012, consisting of over 25,000 online sound bites","21","8.973","False","#000000","False","paragraph"
"across various social media channels.","5","8.973","False","#000000","False","paragraph"
