"line","word_count","font_size","is_bold","color","title_case","label"
"Deep Neural Networks for Object Detection","6","22.397","False","#000000","True","heading"
"Christian Szegedy Alexander Toshev Dumitru Erhan","6","12.961","False","#000000","True","heading"
"{szegedy, Google,","2","10.441","False","#000000","False","paragraph"
"dumitru}@google.com Inc.","2","10.441","False","#000000","False","paragraph"
"toshev,","1","10.441","False","#000000","False","paragraph"
"Abstract","1","15.554","False","#000000","True","heading"
"Deep Neural Networks (DNNs) have recently shown outstanding performance on","10","12.005","False","#000000","False","paragraph"
"image classiﬁcation tasks [14]. In this paper we go one step further and address","14","12.005","False","#000000","False","paragraph"
"the problem of object detection using DNNs, that is not only classifying but also","14","12.005","False","#000000","False","paragraph"
"precisely localizing objects of various classes. We present a simple and yet pow-","13","12.005","False","#000000","False","paragraph"
"erful formulation of object detection as a regression problem to object bounding","12","12.005","False","#000000","False","paragraph"
"box masks. We deﬁne a multi-scale inference procedure which is able to pro-","13","12.005","False","#000000","False","paragraph"
"duce high-resolution object detections at a low cost by a few network applications.","13","12.005","False","#000000","False","paragraph"
"State-of-the-art performance of the approach is shown on Pascal VOC.","10","12.005","False","#000000","False","paragraph"
"1 Introduction","2","15.554","False","#000000","True","heading"
"As we move towards more complete image understanding, having more precise and detailed object","14","12.005","False","#000000","False","paragraph"
"recognition becomes crucial. In this context, one cares not only about classifying images, but also","15","12.005","False","#000000","False","paragraph"
"about precisely estimating estimating the class and location of objects contained within the images,","14","12.005","False","#000000","False","paragraph"
"a problem known as object detection.","6","12.005","False","#000000","False","paragraph"
"The main advances in object detection were achieved thanks to improvements in object representa-","14","12.005","False","#000000","False","paragraph"
"tions and machine learning models. A prominent example of a state-of-the-art detection system is","14","12.005","False","#000000","False","paragraph"
"the Deformable Part-based Model (DPM) [9]. It builds on carefully designed representations and","13","12.005","False","#000000","False","paragraph"
"kinematically inspired part decompositions of objects, expressed as a graphical model. Using dis-","13","12.005","False","#000000","False","paragraph"
"criminative learning of graphical models allows for building high-precision part-based models for","12","12.005","False","#000000","False","paragraph"
"variety of object classes.","4","12.005","False","#000000","False","paragraph"
"Manually engineered representations in conjunction with shallow discriminatively trained models","10","12.005","False","#000000","False","paragraph"
"have been among the best performing paradigms for the related problem of object classiﬁcation","14","12.005","False","#000000","False","paragraph"
"as well [17]. In the last years, however, Deep Neural Networks (DNNs) [12] have emerged as a","17","12.005","False","#000000","False","paragraph"
"powerful machine learning model.","4","12.005","False","#000000","False","paragraph"
"DNNs exhibit major differences from traditional approaches for classiﬁcation. First, they are deep","13","12.005","False","#000000","False","paragraph"
"architectures which have the capacity to learn more complex models than shallow ones [2]. This","15","12.005","False","#000000","False","paragraph"
"expressivity and robust training algorithms allow for learning powerful object representations with-","12","12.005","False","#000000","False","paragraph"
"out the need to hand design features. This has been empirically demonstrated on the challenging","15","12.005","False","#000000","False","paragraph"
"ImageNet classiﬁcation task [5] across thousands of classes [14, 15].","10","12.005","False","#000000","False","paragraph"
"In this paper, we exploit the power of DNNs for the problem of object detection, where we not only","19","12.005","False","#000000","False","paragraph"
"classify but also try to precisely localize objects. The problem we are address here is challenging,","16","12.005","False","#000000","False","paragraph"
"since we want to detect a potentially large number object instances with varying sizes in the same","17","11.895","False","#000000","False","paragraph"
"image using a limited amount of computing resources.","8","12.005","False","#000000","False","paragraph"
"We present a formulation which is capable of predicting the bounding boxes of multiple objects in","16","12.005","False","#000000","False","paragraph"
"a given image. More precisely, we formulate a DNN-based regression which outputs a binary mask","15","12.005","False","#000000","False","paragraph"
"of the object bounding box (and portions of the box as well), as shown in Fig. 1. Additionally,","18","12.005","False","#000000","False","paragraph"
"we employ a simple bounding box inference to extract detections from the masks. To increase","15","12.005","False","#000000","False","paragraph"
"localization precision, we apply the DNN mask generation in a multi-scale fashion on the full image","16","12.005","False","#000000","False","paragraph"
"as well as on a small number of large image crops, followed by a reﬁnement step (see Fig. 2).","19","12.005","False","#000000","False","paragraph"
"1","1","12.005","False","#000000","True","paragraph"
"In this way, only through a few dozen DNN-regressions we can achieve state-of-art bounding box","15","12.005","False","#000000","False","paragraph"
"localization.","1","12.005","False","#000000","False","paragraph"
"In this paper, we demonstrate that DNN-based regression is capable of learning features which","14","12.005","False","#000000","False","paragraph"
"are not only good for classiﬁcation, but also capture strong geometric information. We use the","15","12.005","False","#000000","False","paragraph"
"general architecture introduced for classiﬁcation by [14] and replace the last layer with a regression","15","12.005","False","#000000","False","paragraph"
"layer. The somewhat surprising but powerful insight is that networks which to some extent encode","15","12.005","False","#000000","False","paragraph"
"translation invariance, can capture object locations as well.","8","12.005","False","#000000","False","paragraph"
"Second, we introduce a multi-scale box inference followed by a reﬁnement step to produce precise","15","12.005","False","#000000","False","paragraph"
"detections. In this way, we are able to apply a DNN which predicts a low-resolution mask, limited","17","12.005","False","#000000","False","paragraph"
"by the output layer size, to pixel-wise precision at a low cost – the network is a applied only a few","21","12.005","False","#000000","False","paragraph"
"dozen times per input image.","5","12.005","False","#000000","False","paragraph"
"In addition, the presented method is quite simple. There is no need to hand design a model which","18","12.005","False","#000000","False","paragraph"
"captures parts and their relations explicitly. This simplicity has the advantage of easy applicability","14","12.005","False","#000000","False","paragraph"
"to wide range of classes, but also show better detection performance across a wider range of objects","17","12.005","False","#000000","False","paragraph"
"rigid ones as well as deformable ones. This is presented together with state-of-the-art detection","14","12.005","False","#000000","False","paragraph"
"results on Pascal VOC challenge [7] in Sec. 7.","9","12.005","False","#000000","False","paragraph"
"2 Related Work","3","15.554","False","#000000","True","heading"
"One of the most heavily studied paradigms for object detection is the deformable part-based model,","15","12.005","False","#000000","False","paragraph"
"with [9] being the most prominent example. This method combines a set of discriminatively trained","15","12.005","False","#000000","False","paragraph"
"parts in a star model called pictorial structure. It can be considered as a 2-layer model – parts being","19","12.005","False","#000000","False","paragraph"
"the ﬁrst layer and the star model being the second layer. Contrary to DNNs, whose layers are generic,","18","12.005","False","#000000","False","paragraph"
"the work by [9] exploits domain knowledge – the parts are based on manually designed Histogram","16","12.005","False","#000000","False","paragraph"
"of Gradients (HOG) descriptors [4] and the structure of the parts is kinematically motivated.","14","12.005","False","#000000","False","paragraph"
"Deep architectures for object detection and parsing have been motivated by part-based models and","14","12.005","False","#000000","False","paragraph"
"traditionally are called compositional models, where the object is expressed as layered composition","13","12.005","False","#000000","False","paragraph"
"of image primitives. A notable example is the And/Or graph [20], where an object is modeled","16","12.005","False","#000000","False","paragraph"
"by a tree with And-nodes representing different parts and Or-nodes representing different modes","13","12.005","False","#000000","False","paragraph"
"of the same part. Similarly to DNNs, the And/Or graph consists of multiple layers, where lower","16","12.005","False","#000000","False","paragraph"
"layers represent small generic image primitives, while higher layers represent object parts. Such","13","12.005","False","#000000","False","paragraph"
"compositional models are easier to interpret than DNNs. On the other hand, they require inference","15","12.005","False","#000000","False","paragraph"
"while the DNN models considered in this paper are purely feed-forward with no latent variables to","16","12.005","False","#000000","False","paragraph"
"be inferred.","2","12.005","False","#000000","False","paragraph"
"Further examples of compositional models for detection are based on segments as primitives [1],","14","12.005","False","#000000","False","paragraph"
"focus on shape [13], use Gabor ﬁlters [10] or larger HOG ﬁlters [19]. These approaches are tra-","17","12.005","False","#000000","False","paragraph"
"ditionally challenged by the difﬁculty of training and use specially designed learning procedures.","13","12.005","False","#000000","False","paragraph"
"Moreover, at inference time they combine bottom-up and top-down processes.","10","12.005","False","#000000","False","paragraph"
"Neural networks (NNs) can be considered as compositional models where the nodes are more","14","12.005","False","#000000","False","paragraph"
"generic and less interpretable than the above models. Applications of NNs to vision problems are","15","12.005","False","#000000","False","paragraph"
"decades old, with Convolutional NNs being the most prominent example [16]. It was not until","15","12.005","False","#000000","False","paragraph"
"recently than these models emerged as highly successful on large-scale image classiﬁcation tasks","13","12.005","False","#000000","False","paragraph"
"[14, 15] in the form of DNNs. Their application to detection, however, is limited. Scene parsing,","16","12.005","False","#000000","False","paragraph"
"as a more detailed form of detection, has been attempted using multi-layer Convolutional NNs [8].","15","12.005","False","#000000","False","paragraph"
"Segmentation of medical imagery has been addressed using DNNs [3]. Both approaches, however,","13","12.005","False","#000000","False","paragraph"
"use the NNs as local or semi-local classiﬁers either over superpixels or at each pixel location. Our","17","12.005","False","#000000","False","paragraph"
"approach, however, uses the full image as an input and performs localization through regression. As","15","12.005","False","#000000","False","paragraph"
"such, it is a more efﬁcient application of NNs.","9","12.005","False","#000000","False","paragraph"
"Perhaps the closest approach to ours is [18] which has similar high level objective but use much","17","12.005","False","#000000","False","paragraph"
"smaller network with a different features, loss function and without a machinery to distinguish be-","15","12.005","False","#000000","False","paragraph"
"tween multiple instances of the same class.","7","12.005","False","#000000","False","paragraph"
"2","1","12.005","False","#000000","True","paragraph"
