"line","word_count","font_size","is_bold","color","title_case","label"
"TABLE 5J : ESTIMATED AREA UNDER PADDY TREATED WITH AZETOBACTOR BY SIZE GROUPS.","13","11.73","True","#000000","True","paragraph"
"DISTRICT : ADILABAD","3","11.73","True","#000000","True","paragraph"
"AREA UNDER THE CROP","4","9.398","True","#000000","True","paragraph"
"HYV OTHERS TOTAL","3","9.398","True","#000000","True","paragraph"
"(5) (6) (7)","3","9.398","True","#000000","True","paragraph"
"T = TOTAL OF I & UI IN CASE OF COLUMNS 3 AND 4","14","11.73","True","#000000","True","paragraph"
"(8) (9) (10)","3","9.398","True","#000000","True","paragraph"
