"line","word_count","font_size","is_bold","color","title_case","label"
"Table 8.12 - Own brand shares (food only) for leading retailers, 1996","12","12.591","True","#000000","False","paragraph"
"Source: Secodip-linéaires, 1997","3","12.012","False","#000000","True","paragraph"
"Table 8.13 illustrates the development of own brand market shares in supermarkets and hypermarkets:","14","12.187","False","#000000","False","paragraph"
"Table 8.13 - National brands, Own brand and low price items shares for supermarkets and","15","12.591","True","#000000","False","paragraph"
"hypermarkets","1","12.591","True","#000000","False","paragraph"
"Source: LSA, 1998","3","12.012","False","#000000","True","paragraph"
"Own brands growth is a major trend in the recent evolution of distribution. In 1995, own brands provided","18","12.187","False","#000000","False","paragraph"
"on average 20% of sales (25% of shelf space) compared to only 10% ten years before and the development","19","12.187","False","#000000","False","paragraph"
"goes on. Leclerc, for instance, which was initially opposed to own brand development (less than 7% of","17","12.187","False","#000000","False","paragraph"
"sales before 1997 were own brand), changed its strategy in 1997 and its goal is now to double its own","20","12.187","False","#000000","False","paragraph"
"brands turnover. Retailers try to reinforce the association between their name and their own products.","15","12.187","False","#000000","False","paragraph"
"92","1","13.392","False","#000000","True","paragraph"
"Table 8.14 gives own brands market shares for the main retailers in 1993.","13","12.187","False","#000000","False","paragraph"
"Table 8.14 - Own brand shares for leading retailers, 1993","10","12.591","True","#000000","False","paragraph"
"Source: GIRA, 1993-1994","3","12.012","False","#000000","True","paragraph"
"As noted above, retailers set higher margins on own brands than on other brands even if retail prices are","19","12.187","False","#000000","False","paragraph"
"lower. According to ICC 95, the mark up rate fixed by retailers is estimated on average at 23% of the","20","12.187","False","#000000","False","paragraph"
"turnover for own brands, 15% for low price products and 14.5% for national brands. Moreover, shelf","16","12.187","False","#000000","False","paragraph"
"space profitability is higher: if the gross mark-up per square meter of shelf space index is 100 then own","19","12.187","False","#000000","False","paragraph"
"brands profitability is 123, low price items profitability is 63 and national brands profitability is 103.","16","12.187","False","#000000","False","paragraph"
"8.5 Internationalisation","2","12.591","True","#000000","True","heading"
"Internationalisation has been an important feature of French hypermarket and supermarket chains. There","13","12.187","False","#000000","False","paragraph"
"are two main reasons why such internationalisation exists. First, the French food retail market is fairly","16","12.187","False","#000000","False","paragraph"
"saturated, and, in particular with the Raffarin law recently introduced, future hypermarket or supermarket","14","12.187","False","#000000","False","paragraph"
"growth within France is more difficult. Second, international subsidiaries tend to be more profitable than","15","12.187","False","#000000","False","paragraph"
"domestic ones, particularly in countries in southern (or eastern) Europe where large store development lags","15","12.187","False","#000000","False","paragraph"
"behind. In fact, French companies began moving into other countries in the early 1970’s and this process","17","12.187","False","#000000","False","paragraph"
"has continued ever since.","4","12.187","False","#000000","False","paragraph"
"Table 8.15 shows foreign turnover by leading retail groups in 1997. Much of the expansion has been","17","12.187","False","#000000","False","paragraph"
"undertaken by Carrefour (which also acquired Comptoirs Modernes in 1997 and has a 41% stake in Cora),","17","12.187","False","#000000","False","paragraph"
"Promodès and Auchan. Carrefour, for example, opened its first hypermarket ‘Pryca’ in Spain in 1973 (in","16","12.187","False","#000000","False","paragraph"
"Barcelona) and now has 56 ‘Pryca’ stores. Promodès moved into Spain in 1976 and now has 52","17","12.187","False","#000000","False","paragraph"
"hypermarkets ‘Continente’, l,830 discount stores ‘Dia’ and 33 cash and carrys ‘Puntocash’. Non-","13","12.187","False","#000000","False","paragraph"
"integrated groups such as Leclerc have been slower to start International development although Leclerc","14","12.187","False","#000000","False","paragraph"
"now has 11 stores abroad.","5","12.187","False","#000000","False","paragraph"
"group.","1","12.187","False","#000000","False","paragraph"
"Intermarché recently bought 75% of Spar, the fifth largest German distribution","11","12.187","False","#000000","False","paragraph"
"93","1","13.392","False","#000000","True","paragraph"
"Table 8.15 - Foreign turnover of leading French retail groups, 1997","11","12.591","True","#000000","False","paragraph"
"Groups Foreign turnover (FFr bn.)","5","12.591","True","#000000","False","paragraph"
"Carrefour","1","12.187","False","#000000","True","paragraph"
"62.7","1","12.187","False","#000000","True","paragraph"
"Promodès","1","12.187","False","#000000","True","paragraph"
"37.0","1","12.187","False","#000000","True","paragraph"
"Auchan","1","12.187","False","#000000","True","paragraph"
"23.5","1","12.187","False","#000000","True","paragraph"
"Cora","1","12.187","False","#000000","True","paragraph"
"11.0","1","12.187","False","#000000","True","paragraph"
"Casino","1","12.187","False","#000000","True","paragraph"
"8.5","1","12.187","False","#000000","True","paragraph"
"Comptoirs Modernes 2.0","3","12.187","False","#000000","True","paragraph"
"Source: Linéaires, trade estimates","4","12.012","False","#000000","False","paragraph"
"% of Total Turnover","4","12.591","True","#000000","True","paragraph"
"40.5%","1","12.187","False","#000000","True","paragraph"
"35.7%","1","12.187","False","#000000","True","paragraph"
"19.5%","1","12.187","False","#000000","True","paragraph"
"24.0%","1","12.187","False","#000000","True","paragraph"
"11.5%","1","12.187","False","#000000","True","paragraph"
"7.0%","1","12.187","False","#000000","True","paragraph"
"Greece and Italy offer real growth prospects to the extent that a strict legislative system has delayed retail","18","12.187","False","#000000","False","paragraph"
"trade evolution for a long time. East European countries, which represent 70 million consumers, offer new","16","12.187","False","#000000","False","paragraph"
"outlets for the largest French groups. In particular, Poland is an emerging market with an underdeveloped","16","12.187","False","#000000","False","paragraph"
"market structure and growing consumers’ buying power. Casino, Auchan and also some non-integrated","13","12.187","False","#000000","False","paragraph"
"groups have already begun to settle in Poland. As this trend continues, companies such as Carrefour and","17","12.187","False","#000000","False","paragraph"
"Promodès will look increasingly to buying supplies on an European (or even global) level, and this will","17","12.187","False","#000000","False","paragraph"
"heighten the buying power of such groups.","7","12.187","False","#000000","False","paragraph"
"8.6 Products","2","12.591","True","#000000","True","heading"
"8.6.1 Washing Powders and Detergents","5","12.012","False","#000000","True","paragraph"
"The market for washing products in France represents 60% of the detergents’ market. It is quite strongly","17","12.187","False","#000000","False","paragraph"
"segmented, as each brand exists in several formats (standard powder, liquid, concentrated, and recently","14","12.187","False","#000000","False","paragraph"
"tablets) and in various container sizes. This segmentation is a central issue in the negotiations between","16","12.187","False","#000000","False","paragraph"
"producers and retailers: producers develop innovations to bring about market growth, and they create a","15","12.187","False","#000000","False","paragraph"
"number of new reference points, whereas retailers face increasing difficulties in handling this product","14","12.187","False","#000000","False","paragraph"
"proliferation and the ensuing complexity of the range of products. More particularly, the launching of","15","12.187","False","#000000","False","paragraph"
"compact powders initially suited both producers and retailers because of the potential growth it offered and","16","12.187","False","#000000","False","paragraph"
"because of the decrease of logistic costs it was supposed to bring. Yet it did not seem to suit consumers,","20","12.187","False","#000000","False","paragraph"
"since nearly 50% of them now still buy standard powder, as shown in Table 8.16. The number of reference","19","12.187","False","#000000","False","paragraph"
"points listed by retailers has thus increased: there are","9","12.187","False","#000000","False","paragraph"
"hypermarket, and about 85 in the average supermarket.","8","12.187","False","#000000","False","paragraph"
"94","1","13.392","False","#000000","True","paragraph"
"about 130 reference points in the average","7","12.187","False","#000000","False","paragraph"
