"line","word_count","font_size","is_bold","color","title_case","label"
"ULSTER BANK BLACK MASTERCARD - DRAFT BENEFIT SCHEDULE","8","19.488","True","#000080","True","heading"
"1","1","11.979","False","#000000","True","paragraph"
"CONTENTS","1","13.968","True","#000000","True","heading"
"CONTENTS ......................................................................................... 2","3","10.621","False","#000000","False","paragraph"
"INTRODUCTION ................................................................................. 2","3","10.621","False","#000000","False","paragraph"
"IMPORTANT INFORMATION ............................................................. 2","4","10.621","False","#000000","False","paragraph"
"DEFINITIONS ...................................................................................... 3","3","10.621","False","#000000","False","paragraph"
"EMERGENCY ASSISTANCE ............................................................. 4","4","10.621","False","#000000","False","paragraph"
"RECIPROCAL HEALTH AGREEMENTS ........................................... 4","5","10.621","False","#000000","False","paragraph"
"GENERAL CONDITIONS ................................................................... 5","4","10.621","False","#000000","False","paragraph"
"GENERAL EXCLUSIONS ................................................................... 5","4","10.621","False","#000000","False","paragraph"
"SPORTS AND ACTIVITIES ................................................................ 6","5","10.621","False","#000000","False","paragraph"
"BENEFIT SCHEDULE......................................................................... 6","3","10.621","False","#000000","True","paragraph"
"SECTION A – TRAVEL ADVICE ........................................................ 6","7","10.621","False","#000000","False","paragraph"
"SECTION B – TRAVEL ASSISTANCE ............................................... 7","7","10.621","False","#000000","False","paragraph"
"SECTION C – CANCELLATION OR CURTAILMENT CHARGES ..... 7","9","10.621","False","#000000","False","paragraph"
"SECTION D - MISSED DEPARTURE/ MISSED CONNECTION ....... 7","9","10.621","False","#000000","False","paragraph"
"SECTION E – DELAYED DEPARTURE/ ABANDONMENT ............... 8","8","10.621","False","#000000","False","paragraph"
"SECTION F – INVOLUNTARY DENIAL OF BOARDING ................... 8","9","10.621","False","#000000","False","paragraph"
"SECTION G – BAGGAGE DELAY AND EXTENDED BAGGAGE","8","10.621","False","#000000","True","paragraph"
"DELAY ................................................................................................. 8","3","10.621","False","#000000","False","paragraph"
"SECTION H – EMERGENCY MEDICAL AND OTHER EXPENSES","8","10.621","False","#000000","True","paragraph"
"ABROAD ............................................................................................. 9","3","10.621","False","#000000","False","paragraph"
"SECTION I - HOSPITAL BENEFIT ................................................... 10","7","10.621","False","#000000","False","paragraph"
"SECTION J – PERSONAL BELONGINGS AND PERSONAL","7","10.621","False","#000000","True","paragraph"
"MONEY ............................................................................................. 10","3","10.621","False","#000000","False","paragraph"
"SECTION K - TRAVEL ACCIDENT .................................................. 11","7","10.621","False","#000000","False","paragraph"
"SECTION L - PERSONAL LIABILITY ............................................... 11","7","10.621","False","#000000","False","paragraph"
"SECTION M – WINTER SPORTS COVER ...................................... 11","8","10.621","False","#000000","False","paragraph"
"SECTION N – RENTAL CAR COLLISION DAMAGE WAIVER ........ 12","10","10.621","False","#000000","False","paragraph"
"SECTION O – LOCK AND KEY ........................................................ 13","8","10.621","False","#000000","False","paragraph"
"SECTION P – TICKET CANCELLATION ......................................... 13","7","10.621","False","#000000","False","paragraph"
"SECTION Q – THEFT OF HANDBAG AND/OR WALLET IN","9","10.621","False","#000000","True","paragraph"
"EXPLAINABLE CIRCUMSTANCES ................................................. 14","4","10.621","False","#000000","False","paragraph"
"SECTION R – ATM ASSAULT .......................................................... 14","7","10.621","False","#000000","False","paragraph"
"SECTION S – EXTENDED WARRANTY .......................................... 14","7","10.621","False","#000000","False","paragraph"
"CLAIMS PROCEDURE ..................................................................... 15","4","10.621","False","#000000","False","paragraph"
"COMPLAINTS PROCEDURE ........................................................... 16","4","10.621","False","#000000","False","paragraph"
"USE OF YOUR PERSONAL DATA .................................................. 16","7","10.621","False","#000000","False","paragraph"
"INTRODUCTION","1","13.968","True","#000000","True","heading"
"This document is not a contract of insurance but summarises the","11","10.621","False","#000000","False","paragraph"
"benefits provided to you by virtue of your holding an Ulster Bank","12","10.621","False","#000000","False","paragraph"
"Black MasterCard. The provision of those benefits is enabled by an","11","10.621","False","#000000","False","paragraph"
"insurance policy held by and issued to Ulster Bank by Inter Partner","12","10.621","False","#000000","False","paragraph"
"Assistance (policy number XXXX).","4","10.621","False","#000000","False","paragraph"
"U lster Bank is the only policyholder under the insurance policy and","12","10.621","False","#000000","False","paragraph"
"only it has direct rights under the policy against the insurer. This","12","10.621","False","#000000","False","paragraph"
"agreement does not give you direct rights under the policy of","11","10.621","False","#000000","False","paragraph"
"insurance. Strict compliance with the terms and conditions of this","10","10.621","False","#000000","False","paragraph"
"agreement is required if you are to receive its benefit.","10","10.621","False","#000000","False","paragraph"
"ELIGIBILITY","1","10.621","False","#000000","True","heading"
"The benefits summarised in this document are dependent upon you","10","10.621","False","#000000","False","paragraph"
"being a valid Ulster Bank Black MasterCard Cardholder at the time","11","10.621","False","#000000","False","paragraph"
"of any incident giving rise to a claim. Ulster Bank will give you notice","14","10.621","False","#000000","False","paragraph"
"if there are any material changes to these terms and conditions or if","13","10.621","False","#000000","False","paragraph"
"the policy supporting the benefits available under this agreement is","10","10.621","False","#000000","False","paragraph"
"cancelled or expires without renewal on equivalent terms.","8","10.621","False","#000000","False","paragraph"
"T his is your benefit guide and agreement with us. It contains details","13","10.621","False","#000000","False","paragraph"
"of benefits, conditions and exclusions relating to Ulster Bank Black","10","10.621","False","#000000","False","paragraph"
"MasterCard Cardholders and is the basis on which all claims you","11","10.621","False","#000000","False","paragraph"
"make will be settled.","4","10.621","False","#000000","False","paragraph"
"INSURER","1","11.979","False","#000000","True","heading"
"AXA Travel Insurance Draft Ulster Bank Black MasterCard NI - 11 2011","12","10.621","False","#000000","True","paragraph"
"Benefits under this policy are underwritten by Inter Partner","9","10.621","False","#000000","False","paragraph"
"Assistance (IPA), whose registered branch office in Ireland is 10/11","10","10.621","False","#000000","False","paragraph"
"Mary Street, Dublin 1, Ireland (company number 906006) and is","10","10.621","False","#000000","False","paragraph"
"regulated by the Central Bank of Ireland. IPA is a branch of Inter","13","10.621","False","#000000","False","paragraph"
"Partner Assistance SA, a Belgian firm of Avenue Louise, 166 bte1,","11","10.621","False","#000000","False","paragraph"
"1050, Brussels, which is authorised in Belgium by l’Autorité des","10","10.621","False","#000000","False","paragraph"
"Services et Marchés Financiers and is authorised and subject to","10","10.621","False","#000000","False","paragraph"
"limited regulation by the Financial Services Authority (FSA) in the","10","10.621","False","#000000","False","paragraph"
"United Kingdom. Details about the extent of the authorisation and","10","10.621","False","#000000","False","paragraph"
"regulation by the FSA are available from us on request. Some of the","13","10.621","False","#000000","False","paragraph"
"services under this Policy will be provided by AXA Travel Insurance","11","10.621","False","#000000","False","paragraph"
"(company number 426087), of the same Ireland address. All","9","10.621","False","#000000","False","paragraph"
"companies are members of the AXA Assistance Group.","8","10.621","False","#000000","False","paragraph"
"POLICYHOLDER","1","11.979","False","#000000","True","heading"
"Ulster Bank Ltd, 11 - 16 Donegal Square East, Belfast BT1 5UB,","12","10.621","False","#000000","True","paragraph"
"Northern Ireland, United Kingdom.","4","10.621","False","#000000","True","paragraph"
"IMPORTANT INFORMATION","2","13.968","True","#000000","True","heading"
"Claims arising directly or indirectly from any pre-existing","8","10.621","False","#000000","False","paragraph"
"medical conditions are not covered.","5","10.621","False","#000000","False","paragraph"
"The benefits will not cover you when you are travelling against","11","10.621","False","#000000","False","paragraph"
"the advice of a medical practitioner (or would be travelling","10","10.621","False","#000000","False","paragraph"
"against the advice of a medical practitioner had you sought","10","10.621","False","#000000","False","paragraph"
"his/her advice);","2","10.621","False","#000000","False","paragraph"
"The benefits will not cover you when you are travelling with the","12","10.621","False","#000000","False","paragraph"
"intention of obtaining medical treatment or consultation abroad;","8","10.621","False","#000000","False","paragraph"
"The benefits will not cover you if you have any undiagnosed","11","10.621","False","#000000","False","paragraph"
"symptoms that require attention or investigation in the future (that","10","10.621","False","#000000","False","paragraph"
"is symptoms for which you are awaiting investigations or","9","10.621","False","#000000","False","paragraph"
"consultations, or awaiting results of investigations, where the","8","10.621","False","#000000","False","paragraph"
"underlying cause has not been established).","6","10.621","False","#000000","False","paragraph"
"If injury, illness loss, theft or damage happens you should","10","10.621","False","#000000","False","paragraph"
"immediately call AXA Assistance on +XXXX to report a medical","10","10.621","False","#000000","False","paragraph"
"emergency, request repatriation, report any loss, theft or","8","10.621","False","#000000","False","paragraph"
"damage.","1","10.621","False","#000000","False","paragraph"
"In the event of curtailment necessitating your early return home","10","10.621","False","#1a1717","False","paragraph"
"you must contact AXA Assistance. The service is available to","10","10.621","False","#1a1717","False","paragraph"
"you and operates 24 hours a day, 365 days a year for advice","13","10.621","False","#1a1717","False","paragraph"
"and assistance with your return home. AXA Assistance will","9","10.621","False","#1a1717","False","paragraph"
"arrange transport home when you have notice of serious illness,","10","10.621","False","#1a1717","False","paragraph"
"imminent demise, or death of a close relative at home.","10","10.621","False","#1a1717","False","paragraph"
"In order to be eligible to receive benefits under this Benefit","11","10.621","False","#000000","False","paragraph"
"Schedule for Sections B - M, you must charge 100% of the total","13","10.621","False","#000000","False","paragraph"
"cost of pre-booked transport and/or accommodation to your","8","10.621","False","#000000","False","paragraph"
"covered card, provided this is booked a minimum of 2 nights in","12","10.621","False","#000000","False","paragraph"
"advance.","1","10.621","False","#000000","False","paragraph"
"In order to be eligible to receive benefits under this benefit","11","10.621","False","#000000","False","paragraph"
"schedule for Sections N, P – S, you will only be covered if 100%","14","10.621","False","#000000","False","paragraph"
"of the total cost has been charged to the covered card:","11","10.621","False","#000000","False","paragraph"
"Section N – Rental Car Collision Damage Waiver – cover for","11","10.621","False","#000000","False","paragraph"
"vehicles hired with the covered card;","6","10.621","False","#000000","False","paragraph"
"Section P – Ticket Cancellation – cover for event ticket(s)","10","10.621","False","#000000","False","paragraph"
"purchased with the covered card;","5","10.621","False","#000000","False","paragraph"
"Section Q – Theft of Handbag and/or Wallet in Explainable","10","10.621","False","#000000","False","paragraph"
"Circumstances – cover for handbag/wallet purchased with the","8","10.621","False","#000000","False","paragraph"
"covered card;","2","11.124","True","#000000","False","paragraph"
"Section R – ATM Assault – for cash taken from the ATM machine","13","10.621","False","#000000","False","paragraph"
"with the covered card, and","5","10.621","False","#000000","False","paragraph"
"Section S – Extended Warranty – cover for eligible items","10","10.621","False","#000000","False","paragraph"
"purchased with the covered card.","5","10.621","False","#000000","False","paragraph"
"These benefits will be governed by the law of England and Wales","12","10.621","False","#000000","False","paragraph"
"unless we have specifically agreed in writing otherwise.","8","10.621","False","#000000","False","paragraph"
"The maximum age limit for medical benefits in Section H –","11","10.621","False","#000000","False","paragraph"
"Emergency Medical and Other Expenses Abroad and Section I –","10","10.621","False","#000000","True","paragraph"
"Hospital Benefit and benefits related to a medical condition in","10","10.621","False","#000000","False","paragraph"
"Section C – Cancellation and Curtailment Charges is 75 years","10","10.621","False","#000000","False","paragraph"
"inclusive.","1","10.621","False","#000000","False","paragraph"
"You are covered worldwide for trips of 60 consecutive days. The","11","10.621","False","#000000","False","paragraph"
"cover is limited to a total of 183 days in any 12 month period.","14","10.621","False","#000000","False","paragraph"
"Trips must begin and end in the country of residence. Any trip","12","10.621","False","#000000","False","paragraph"
"2","1","10.621","False","#000000","True","paragraph"
"solely within the country of residence is only covered where","10","10.621","False","#000000","False","paragraph"
"you have pre - booked at least two nights’ accommodation in a","12","10.621","False","#000000","False","paragraph"
"hotel, motel, holiday camp, bed and breakfast, holiday cottage or","10","10.621","False","#000000","False","paragraph"
"similar accommodation rented for a fee.","6","10.621","False","#000000","False","paragraph"
"DEFINITIONS","1","13.968","True","#000000","True","heading"
"Any word or expression to which a specific meaning has been","11","10.621","False","#000000","False","paragraph"
"attached will bear the same meaning throughout this Benefit","9","10.621","False","#000000","False","paragraph"
"Schedule and is highlighted in bold print.","7","10.621","False","#000000","False","paragraph"
"You/your/beneficiary(ies)","1","11.124","True","#000000","False","heading"
"the Cardholder and his/her spouse or legal partner (any couple,","10","10.621","False","#000000","False","paragraph"
"including same-sex, in a common law relationship living permanently","9","10.621","False","#000000","False","paragraph"
"at the same address), their children, aged under 25 who are","11","10.621","False","#000000","False","paragraph"
"financially dependent (according to the regulations of the country of","10","10.621","False","#000000","False","paragraph"
"residence) on the Cardholder, all living in the country of","10","10.621","False","#000000","False","paragraph"
"residence.","1","11.124","True","#000000","False","paragraph"
"B eneficiaries are covered for benefits when travelling independently","9","10.621","False","#000000","False","paragraph"
"of one another with the exception of:","7","10.621","False","#000000","False","paragraph"
"Section E – Delayed Departure/Abandonment;","5","10.621","False","#000000","True","paragraph"
"Section D – Missed Departure/Missed Connection","6","10.621","False","#000000","True","paragraph"
"Section J – Personal Belongings and Personal Money","8","10.621","False","#000000","True","paragraph"
"where all beneficiaries must be travelling on the trip with and to the","13","10.621","False","#000000","False","paragraph"
"same destination as the Cardholder.","5","10.621","False","#000000","False","paragraph"
"T he maximum age limit for medical benefits in Section H –","12","10.621","False","#000000","False","paragraph"
"Emergency Medical and Other Expenses Abroad and Section I –","10","10.621","False","#000000","True","paragraph"
"Hospital Benefit and benefits related to a medical condition in","10","10.621","False","#000000","False","paragraph"
"Section C – Cancellation and Curtailment Charges is 75 years","10","10.621","False","#000000","False","paragraph"
"inclusive.","1","10.621","False","#000000","False","paragraph"
"We/us/our","1","11.124","True","#000000","False","heading"
"Inter Partner Assistance, 10/11 Mary Street, Dublin 1, Ireland","9","10.621","False","#000000","True","paragraph"
"and/or Inter Partner Assistance SA (IPA), Avenue Louise, 166 bte1,","10","10.621","False","#000000","False","paragraph"
"1050, Brussels, Belgium and/or AXA Travel Insurance of the same","10","10.621","False","#000000","False","paragraph"
"Irish address. All companies are members of the AXA Assistance","10","10.621","False","#000000","False","paragraph"
"Group.","1","10.621","False","#000000","True","paragraph"
"Adverse weather conditions","3","11.124","True","#000000","False","heading"
"rain, wind, fog, thunder or lightening storm, flood, snow, sleet, hail,","11","10.621","False","#000000","False","paragraph"
"hurricane, cyclone, tornado or tropical storm which is not caused by","11","10.621","False","#000000","False","paragraph"
"or has not originated from a geological or catastrophic event such as","12","10.621","False","#000000","False","paragraph"
"but not limited to an earthquake, volcano or tsunami.","9","10.621","False","#000000","False","paragraph"
"AXA Assistance","2","11.124","True","#000000","True","heading"
"the service provider, arranged by AXA Travel Insurance 10/11","9","10.621","False","#000000","False","paragraph"
"Mary Street, Dublin 1, Ireland (company number 426087).","8","10.621","False","#000000","False","paragraph"
"Benefit Table","2","11.124","True","#000000","False","heading"
"the table listing the benefit amounts on page 1 and 2.","11","10.621","False","#000000","False","paragraph"
"Bodily injury","2","11.124","True","#000000","False","heading"
"an identifiable physical injury caused by a sudden, violent, external,","10","10.621","False","#000000","False","paragraph"
"unexpected specific event. Injury as a result of your unavoidable","10","10.621","False","#000000","False","paragraph"
"exposure to the elements shall be deemed to be a bodily injury.","12","10.621","False","#000000","False","paragraph"
"Cardholder","1","11.124","True","#000000","False","heading"
"the holder of a covered card, the card being valid and the account","13","10.621","False","#000000","False","paragraph"
"in good standing at the time of the incident.","9","10.621","False","#000000","False","paragraph"
"Close business associate","3","11.124","True","#000000","False","heading"
"any person whose absence from business for one or more","10","10.621","False","#000000","False","paragraph"
"complete days at the same time as your absence prevents the","11","10.621","False","#000000","False","paragraph"
"proper continuation of that business.","5","10.621","False","#000000","False","paragraph"
"Close relative","2","11.124","True","#000000","False","heading"
"mother, father, sister, brother, spouse, partner or fiancé/fiancée or","9","10.621","False","#000000","False","paragraph"
"Common-Law Partner (any couple, including same-sex, in a common","9","10.621","False","#000000","False","paragraph"
"law relationship living permanently at the same address) daughter,","9","10.621","False","#000000","False","paragraph"
"son, including adopted daughter or son), grandparent, grandchild,","8","10.621","False","#000000","False","paragraph"
"parent-in-law, son-in-law, daughter-in-law, sister-in-law, brother-in-","5","10.621","False","#000000","False","paragraph"
"AXA Travel Insurance Draft Ulster Bank Black MasterCard NI - 11 2011","12","10.621","False","#000000","True","paragraph"
"law, step parent, step child, step sister, step brother, foster child,","11","10.621","False","#000000","False","paragraph"
"legal guardian, legal ward, of the Cardholder.","7","10.621","False","#000000","False","paragraph"
"Country of residence","3","11.124","True","#000000","False","heading"
"the country in which you legally reside.","7","10.621","False","#000000","False","paragraph"
"Covered card","2","11.124","True","#000000","False","heading"
"a Black MasterCard, issued by Ulster Bank, the card being valid,","11","10.621","False","#000000","False","paragraph"
"not being in arrears and the account in good standing at the time of","14","10.621","False","#000000","False","paragraph"
"the incident.","2","10.621","False","#000000","False","paragraph"
"Curtailment / curtail","3","11.124","True","#000000","False","heading"
"cutting short your trip outside the country of residence by","10","10.621","False","#1a1717","False","paragraph"
"returning home due to an emergency authorised by us.","9","10.621","False","#1a1717","False","paragraph"
"Fellow traveller","2","11.124","True","#000000","False","heading"
"friends, associates or companions of the Cardholder, each of","9","10.621","False","#1a1717","False","paragraph"
"whom have been invited by the Cardholder and are travelling on the","12","10.621","False","#1a1717","False","paragraph"
"same trip. The fellow traveller is subject to all terms, conditions and","12","10.621","False","#1a1717","False","paragraph"
"exclusions of these benefits, as those of a beneficiary, where","10","10.621","False","#1a1717","False","paragraph"
"applicable.","1","10.621","False","#1a1717","False","paragraph"
"Home","1","11.124","True","#000000","True","heading"
"your normal place of residence in your country of residence.","10","11.124","False","#000000","False","paragraph"
"Loss of limb","3","11.124","True","#1a1717","True","heading"
"loss by physical severance, or the total and irrecoverable","9","10.621","False","#1a1717","False","paragraph"
"permanent loss of use or function of, an arm at or above the wrist","14","10.621","False","#1a1717","False","paragraph"
"joint, or a leg at or above the ankle joint.","10","10.621","False","#1a1717","False","paragraph"
"Loss of sight","3","11.124","True","#1a1717","False","heading"
"total and irrecoverable loss of sight in one or both eye(s); this is","13","10.621","False","#1a1717","False","paragraph"
"considered to have occurred if the degree of sight remaining after","11","10.621","False","#1a1717","False","paragraph"
"correction is 3/60 or less on the Snellen scale. (This means being","12","10.621","False","#1a1717","False","paragraph"
"able to see at 3 feet or less what you should see at 60 feet.)","15","10.621","False","#1a1717","False","paragraph"
"Medical condition(s)","2","11.124","True","#000000","False","heading"
"any medical or psychological disease, sickness, condition, illness","8","10.621","False","#000000","False","paragraph"
"or injury that has affected you or any close relative, travelling","11","10.621","False","#000000","False","paragraph"
"companion or person with whom you intend to stay whilst on your","12","10.621","False","#000000","False","paragraph"
"trip.","1","11.124","True","#000000","False","paragraph"
"Medical emergency","2","11.124","True","#000000","False","heading"
"a bodily injury or sudden and unforeseen illness suffered by you","11","10.621","False","#000000","False","paragraph"
"while you are on a trip outside the country of residence and a","13","10.621","False","#000000","False","paragraph"
"registered medical practitioner tells you that you need immediate","9","10.621","False","#000000","False","paragraph"
"medical treatment or medical attention.","5","10.621","False","#000000","False","paragraph"
"Medical practitioner","2","11.124","True","#000000","False","heading"
"a legally licensed member of the medical profession, recognised by","10","10.621","False","#000000","False","paragraph"
"the law of the country where treatment is provided and who, in","12","10.621","False","#000000","False","paragraph"
"rendering such treatment is practising within the scope of his/her","10","10.621","False","#000000","False","paragraph"
"licence and training, and who is not related to you or any travelling","13","10.621","False","#000000","False","paragraph"
"companion.","1","10.621","False","#000000","False","paragraph"
"Mugging","1","11.124","True","#000000","False","heading"
"a violent, threatening attack by an unknown third party causing","10","10.621","False","#1a1717","False","paragraph"
"actual bodily harm.","3","10.621","False","#1a1717","False","paragraph"
"Pair or set","3","11.124","True","#000000","True","heading"
"items of personal belongings or valuables forming part of a set","11","10.621","False","#1a1717","False","paragraph"
"or which are normally used together.","6","10.621","False","#1a1717","False","paragraph"
"Period of cover","3","11.124","True","#000000","False","heading"
"cover begins for any trip commencing on or after 01/01/2012.","10","10.621","False","#000000","False","paragraph"
"Cover will end when the card account is terminated or when these","12","10.621","False","#000000","False","paragraph"
"benefits are cancelled or expire.","5","10.621","False","#000000","False","paragraph"
"T he period of any trip may not exceed 60 consecutive days. The","13","10.621","False","#000000","False","paragraph"
"cover is limited to a total of 183 days outside of the country of","14","10.621","False","#000000","False","paragraph"
"3","1","10.621","False","#000000","True","paragraph"
"residence in any 12 month period. Trips must begin and end in the","13","10.621","False","#000000","False","paragraph"
"country of residence.","3","11.124","True","#000000","False","heading"
"U nder Section C – Cancellation cover shall be operative from the","12","10.621","False","#000000","False","paragraph"
"time you pay for the trip and ceases upon commencement of your","12","10.621","False","#000000","False","paragraph"
"trip. For all other sections of the Benefit Schedule, the benefits","11","10.621","False","#000000","False","paragraph"
"commence when you leave your home or hotel, or your place of","12","10.621","False","#000000","False","paragraph"
"business (whichever is the later) to commence the trip and","10","10.621","False","#000000","False","paragraph"
"terminates at the time you return to your home, hotel or place of","13","10.621","False","#000000","False","paragraph"
"business (whichever is the earlier) on completion of the trip.","10","10.621","False","#000000","False","paragraph"
"E xtension to the period of cover","7","10.621","False","#000000","False","paragraph"
"The period of cover is automatically extended for the period of the","12","10.621","False","#000000","False","paragraph"
"delay in the event that your return to your country of residence is","13","10.621","False","#000000","False","paragraph"
"unavoidably delayed due to an event covered by this Benefit","10","10.621","False","#000000","False","paragraph"
"Schedule.","1","10.621","False","#000000","True","paragraph"
"Permanent total disablement","3","11.124","True","#000000","False","heading"
"disablement which, having lasted for a period of at least 12","11","10.621","False","#000000","False","paragraph"
"consecutive months from the date of occurrence will, in the opinion of","12","10.621","False","#000000","False","paragraph"
"an independent qualified specialist, prevents you from engaging in,","9","10.621","False","#000000","False","paragraph"
"or giving any attention to, any business or occupation for the","11","10.621","False","#000000","False","paragraph"
"remainder of your life.","4","10.621","False","#000000","False","paragraph"
"Personal belongings","2","11.124","True","#000000","False","heading"
"baggage, clothing, personal effects, and other articles which belong","9","10.621","False","#000000","False","paragraph"
"to you and are worn, used or carried by you during any trip.","13","10.621","False","#000000","False","paragraph"
"Personal money","2","11.124","True","#000000","False","heading"
"bank notes, currency notes and coins in current use, travellers’ and","11","10.621","False","#000000","False","paragraph"
"other cheques, postal or money orders, pre-paid coupons or","9","10.621","False","#000000","False","paragraph"
"vouchers, travel tickets, hotel vouchers, all held for private purposes.","10","10.621","False","#000000","False","paragraph"
"Pre-existing medical condition(s)","3","11.124","True","#000000","False","heading"
"any past or current medical condition that has given rise to","11","10.621","False","#000000","False","paragraph"
"symptoms or for which any form of treatment or prescribed","10","10.621","False","#000000","False","paragraph"
"medication, medical consultation, investigation or follow-","6","10.621","False","#000000","False","paragraph"
"up/check-up has been required or received during the 2 years","10","10.621","False","#000000","False","paragraph"
"prior to the commencement of cover under this policy and/or prior","11","10.621","False","#000000","False","paragraph"
"to any trip: and","4","10.621","False","#000000","False","paragraph"
"any cardiovascular or circulatory condition (e.g. heart condition,","8","10.621","False","#000000","False","paragraph"
"hypertension, blood clots, raised cholesterol, stroke, aneurysm)","7","10.621","False","#000000","False","paragraph"
"that has occurred at any time prior to commencement of cover","11","10.621","False","#000000","False","paragraph"
"under this policy and/or prior to any trip.","8","10.621","False","#000000","False","paragraph"
"Public transport","2","11.124","True","#000000","False","heading"
"any publicly licensed aircraft, sea vessel, train or coach on which","11","10.621","False","#000000","False","paragraph"
"you are booked to travel.","5","10.621","False","#000000","False","paragraph"
"Ski equipment","2","11.124","True","#000000","False","heading"
"skis (including bindings), ski boots, snowboard boots, ski poles and","10","10.621","False","#000000","False","paragraph"
"snowboards.","1","10.621","False","#000000","False","paragraph"
"Ski pack","2","11.124","True","#000000","True","heading"
"Ski lift pass, ski school fees and hired ski equipment, all pre-paid.","12","10.621","False","#000000","False","paragraph"
"Sports and activities","3","11.124","True","#000000","False","heading"
"the activities listed on page 6 for which your participation in during","12","10.621","False","#000000","False","paragraph"
"your trip is not the sole or main reason for your trip.","12","10.621","False","#000000","False","paragraph"
"Strike or industrial action","4","11.124","True","#000000","False","heading"
"any form of industrial action which is carried out with the intention","12","10.621","False","#000000","False","paragraph"
"of stopping, restricting or interfering with the production of goods or","11","10.621","False","#000000","False","paragraph"
"provision of services.","3","10.621","False","#000000","False","paragraph"
"Terrorism","1","11.124","True","#000000","False","heading"
"an act, including but not limited to the use of force or violence","13","10.621","False","#000000","False","paragraph"
"and/or the threat thereof, of any person or group(s) of persons,","11","10.621","False","#000000","False","paragraph"
"whether acting alone or on behalf of or in connection with any","12","10.621","False","#000000","False","paragraph"
"organisation(s) or governments, committed for political, religious,","7","10.621","False","#000000","False","paragraph"
"ideological or similar purposes including the intention to influence","9","10.621","False","#000000","False","paragraph"
"AXA Travel Insurance Draft Ulster Bank Black MasterCard NI - 11 2011","12","10.621","False","#000000","True","paragraph"
"any government and/or to put the public, or any section of the public,","13","10.621","False","#000000","False","paragraph"
"in fear.","2","10.621","False","#000000","False","paragraph"
"Trip","1","11.124","True","#000000","True","heading"
"any journey made by you worldwide up to 60 consecutive days","11","10.621","False","#000000","False","paragraph"
"during the period of cover, for which 100% of the total cost of pre-","14","10.621","False","#000000","False","paragraph"
"booked transport and/or accommodation has been charged to your","9","10.621","False","#000000","False","paragraph"
"covered card, provided this is booked a minimum of 2 nights in","12","10.621","False","#000000","False","paragraph"
"advance.","1","10.621","False","#000000","False","paragraph"
"A ny trip solely within the country of residence is only covered","12","10.621","False","#000000","False","paragraph"
"where you have pre - booked at least two nights’ accommodation in","12","10.621","False","#000000","False","paragraph"
"a hotel, motel, holiday camp, bed and breakfast, holiday cottage or","11","10.621","False","#000000","False","paragraph"
"similar accommodation rented for a fee. Cover for Benefits in Section","11","10.621","False","#000000","False","paragraph"
"H – Emergency Medical and Other Expenses Abroad and Section I –","12","10.621","False","#000000","True","paragraph"
"Hospital Benefit and Section L – Personal Liability are excluded in","11","10.621","False","#000000","False","paragraph"
"the country of residence.","4","11.124","False","#000000","False","heading"
"Unattended","1","11.124","True","#000000","False","heading"
"when you are not in full view of and not in a position to prevent","15","10.621","False","#000000","False","paragraph"
"unauthorised interference with your property or vehicle.","7","10.621","False","#000000","False","paragraph"
"Valuables","1","11.124","True","#000000","False","heading"
"jewellery, gold, silver, precious metal or precious or semiprecious","9","10.621","False","#000000","False","paragraph"
"stone articles, watches, furs, leather goods, cameras, camcorders,","8","10.621","False","#000000","False","paragraph"
"photographic audio video computer television and","6","10.621","False","#000000","False","paragraph"
"telecommunications equipment (including CD's, DVD's, tapes, films,","7","10.621","False","#000000","False","paragraph"
"cassettes, cartridges and headphones), computer games and","7","10.621","False","#000000","False","paragraph"
"associated equipment, telescopes, binoculars, portable DVD players,","7","10.621","False","#000000","False","paragraph"
"MP3 and MP4 players and any other item with a purchase price of £","14","10.621","False","#000000","False","paragraph"
"1,750 or more.","3","10.621","False","#000000","False","paragraph"
"EMERGENCY ASSISTANCE","2","13.968","True","#000000","True","heading"
"Contact AXA Assistance on Telephone: +XXXXX","6","10.621","False","#1a1717","False","paragraph"
"I n the event of a serious illness or accident which may lead to in-","15","10.621","False","#000000","False","paragraph"
"patient hospital treatment, or before any arrangements are made for","10","10.621","False","#000000","False","paragraph"
"repatriation or in the event of curtailment necessitating your early","10","10.621","False","#000000","False","paragraph"
"return home or in the event of an emergency you must contact AXA","13","10.621","False","#000000","False","paragraph"
"Assistance (any minor illness or injury costs must be paid for by you","13","10.621","False","#000000","False","paragraph"
"and reclaimed). The service is available to you and operates 24","11","10.621","False","#000000","False","paragraph"
"hours a day, 365 days a year for advice, assistance, making","11","10.621","False","#000000","False","paragraph"
"arrangements for hospital admission, repatriation and authorisation","7","10.621","False","#000000","False","paragraph"
"of medical expenses. If this is not possible because the condition","11","10.621","False","#000000","False","paragraph"
"requires immediate emergency treatment you must contact AXA","8","10.621","False","#000000","False","paragraph"
"Assistance as soon as possible. Private medical treatment is not","10","10.621","False","#000000","False","paragraph"
"covered unless authorised specifically by AXA Assistance.","7","10.621","False","#000000","False","paragraph"
"M edical Assistance Abroad","4","10.621","False","#000000","False","paragraph"
"AXA Assistance has the medical expertise, contacts and facilities to","10","10.621","False","#1a1717","False","paragraph"
"help should you be injured in an accident or fall ill. AXA Assistance","13","10.621","False","#1a1717","False","paragraph"
"will also arrange transport home when this is considered to be","11","10.621","False","#1a1717","False","paragraph"
"medically necessary, or when you have notice of serious illness or","11","10.621","False","#1a1717","False","paragraph"
"death of a close relative at home.","7","10.621","False","#1a1717","False","paragraph"
"P ayment for Medical Treatment Abroad","6","10.621","False","#000000","False","paragraph"
"If you are admitted to a hospital/clinic while outside the country of","12","10.621","False","#1a1717","False","paragraph"
"residence, AXA Assistance will arrange for medical expenses","8","10.621","False","#1a1717","False","paragraph"
"covered by the policy to be paid direct to the hospital/clinic. To take","13","10.621","False","#1a1717","False","paragraph"
"advantage of this benefit someone must contact AXA Assistance for","10","10.621","False","#1a1717","False","paragraph"
"you as soon as possible.","5","10.621","False","#1a1717","False","paragraph"
"For simple out-patient treatment, you should pay the hospital/clinic","9","10.621","False","#1a1717","False","paragraph"
"yourself and claim back medical expenses from us on your return to","12","10.621","False","#1a1717","False","paragraph"
"the country of residence. Beware of requests for you to sign for","12","10.621","False","#1a1717","False","paragraph"
"excessive treatment or charges. If in doubt regarding any such","10","10.621","False","#1a1717","False","paragraph"
"requests, please call AXA Assistance for guidance.","7","10.621","False","#1a1717","False","paragraph"
"RECIPROCAL HEALTH AGREEMENTS","3","13.968","True","#000000","True","heading"
"EUROPEAN UNION (EU), EUROPEAN ECONOMIC AREA (EEA)","7","10.621","False","#000000","False","paragraph"
"AND SWITZERLAND","2","10.621","False","#000000","True","paragraph"
"4","1","10.621","False","#000000","True","paragraph"
"Before travelling to a European Union (EU) country, the European","10","10.621","False","#1a1717","False","paragraph"
"Economic Area (EEA) or Switzerland, we recommend that you apply","10","10.621","False","#1a1717","False","paragraph"
"for a European Health Insurance Card (EHIC) via your local Post","11","10.621","False","#1a1717","False","paragraph"
"Office or online https://www.ehic.org.uk/Internet/home.do. This card","6","10.621","False","#1a1717","False","paragraph"
"entitles you to certain free or reduced cost health cover","10","10.621","False","#000000","False","paragraph"
"arrangements in the EU, EEA or Switzerland.","7","10.621","False","#000000","False","paragraph"
"A USTRALIA","2","10.621","False","#000000","True","paragraph"
"When you are travelling to Australia and you register for treatment","11","10.621","False","#000000","False","paragraph"
"under the national Medicare scheme, Medicare provides:","7","10.621","False","#000000","False","paragraph"
"free treatment as an in-patient or out-patient at a public hospital;","11","10.621","False","#000000","False","paragraph"
"subsidised medicines under the Pharmaceutical Benefits","6","10.621","False","#000000","False","paragraph"
"Scheme; and","2","10.621","False","#000000","True","paragraph"
"benefits for medical treatment provided by doctors through","8","10.621","False","#000000","False","paragraph"
"private surgeries and Government Health Centres (not hospitals).","8","10.621","False","#000000","False","paragraph"
"You must enrol at Medicare offices in Australia if you will be","12","10.621","False","#000000","False","paragraph"
"receiving treatment. If you receive treatment before you enrol,","9","10.621","False","#000000","False","paragraph"
"Medicare benefits can be backdated, if you are eligible. To be","11","10.621","False","#000000","False","paragraph"
"eligible you must be a resident of the United Kingdom and will need","13","10.621","False","#000000","False","paragraph"
"to show your passport with an appropriate visa. If you do not enrol","13","10.621","False","#000000","False","paragraph"
"at Medicare offices we may reject your claim or limit the amount we","13","10.621","False","#000000","False","paragraph"
"pay to you. If you need treatment which cannot be carried out under","13","10.621","False","#000000","False","paragraph"
"Medicare you MUST contact our 24 hours Emergency","8","10.621","False","#000000","False","paragraph"
"Service before seeking private treatment. If you do not do so, we","12","10.621","False","#000000","False","paragraph"
"may reject your claim or limit the amount we pay to you.","12","10.621","False","#000000","False","paragraph"
"F or more information you should contact: Health Insurance","9","10.621","False","#000000","False","paragraph"
"Commission, PO Box 1001, Tuggeranong, ACT 2901, Australia or","9","10.621","False","#000000","True","paragraph"
"visit their website at: www.hic.gov.au","5","10.621","False","#000000","False","paragraph"
"GENERAL CONDITIONS","2","13.968","True","#000000","True","heading"
"You must comply with the following conditions to have the full","11","10.621","False","#000000","False","paragraph"
"protection of the Benefit Schedule. If you do not comply we may at","13","10.621","False","#000000","False","paragraph"
"our option refuse to deal with your claim, or reduce the amount of","13","10.621","False","#000000","False","paragraph"
"any claim payment.","3","10.621","False","#000000","False","paragraph"
"The maximum age limit for medical benefits in Section H –","11","10.621","False","#000000","False","paragraph"
"Emergency Medical and Other Expenses Abroad and Section I –","10","10.621","False","#000000","True","paragraph"
"Hospital Benefit and benefits related to a medical condition in","10","10.621","False","#000000","False","paragraph"
"Section C – Cancellation and Curtailment Charges is 75 years","10","10.621","False","#000000","False","paragraph"
"inclusive.","1","10.621","False","#000000","False","paragraph"
"You are covered for trips of 60 consecutive days. The cover is","12","10.621","False","#000000","False","paragraph"
"limited to a total of 183 days outside of the country of residence","13","10.621","False","#000000","False","paragraph"
"in any 12 month period. Trips must begin and end in the country","13","10.621","False","#000000","False","paragraph"
"of residence.","2","11.124","True","#000000","False","paragraph"
"You must take all reasonable care and precautions to protect","10","10.621","False","#000000","False","paragraph"
"yourself against accident, illness, disease or injury and to","9","10.621","False","#000000","False","paragraph"
"safeguard your property against loss, theft or damage. You must","10","10.621","False","#000000","False","paragraph"
"act as if you are not covered and take steps to minimise your","13","10.621","False","#000000","False","paragraph"
"loss as much as possible and take reasonable steps to prevent a","12","10.621","False","#000000","False","paragraph"
"further incident and to recover missing property.","7","10.621","False","#000000","False","paragraph"
"In the event of curtailment necessitating your early return home","10","10.621","False","#000000","False","paragraph"
"you must contact AXA Assistance. The service is available to","10","10.621","False","#000000","False","paragraph"
"you and operates 24 hours a day, 365 days a year for advice","13","10.621","False","#000000","False","paragraph"
"and assistance with your return home. AXA Assistance will","9","10.621","False","#000000","False","paragraph"
"arrange transport home when you have notice of serious illness,","10","10.621","False","#000000","False","paragraph"
"imminent demise, or death of a close relative in the country of","12","10.621","False","#000000","False","paragraph"
"residence.","1","11.124","True","#000000","False","paragraph"
"You must tell us as soon as possible in the event of an","13","10.621","False","#000000","False","paragraph"
"emergency or if you are hospitalised (any minor illness or injury","11","10.621","False","#000000","False","paragraph"
"costs must be paid for by you and reclaimed).","9","10.621","False","#000000","False","paragraph"
"We ask that you notify us within 28 days of you becoming aware","13","10.621","False","#000000","False","paragraph"
"of any incident or loss leading to a claim other than a claim in the","15","10.621","False","#000000","False","paragraph"
"above point, and you return your completed claim form and any","11","10.621","False","#000000","False","paragraph"
"additional information to us as soon as possible.","8","10.621","False","#000000","False","paragraph"
"You must report all incidents to the local Police in the country","12","10.621","False","#000000","False","paragraph"
"where it occurs and obtain a crime or lost property report, which","12","10.621","False","#000000","False","paragraph"
"includes an incident number.","4","10.621","False","#000000","False","paragraph"
"You must not abandon any property for us to deal with or","12","10.621","False","#000000","False","paragraph"
"dispose of any damaged items as we may need to see them.","12","10.621","False","#000000","False","paragraph"
"You or your legal representatives must supply at your own","10","10.621","False","#000000","False","paragraph"
"expense all information, evidence, medical certificates, original","7","10.621","False","#000000","False","paragraph"
"invoices, receipts, reports, assistance that may be needed","8","10.621","False","#000000","False","paragraph"
"AXA Travel Insurance Draft Ulster Bank Black MasterCard NI - 11 2011","12","10.621","False","#000000","True","paragraph"
"including details of other insurance policies that may cover the","10","10.621","False","#000000","False","paragraph"
"loss. We may refuse to reimburse you for any expenses for","11","10.621","False","#000000","False","paragraph"
"which you cannot provide receipts or bills. Please keep copies of","11","10.621","False","#000000","False","paragraph"
"all documents sent to us.","5","10.621","False","#000000","False","paragraph"
"You must not admit, deny, settle, reject, negotiate or make any","11","10.621","False","#000000","False","paragraph"
"arrangement for any claim without our permission.","7","10.621","False","#000000","False","paragraph"
"Tell us and provide full details in writing immediately if someone","11","10.621","False","#000000","False","paragraph"
"is holding you responsible for damage to their property or bodily","11","10.621","False","#000000","False","paragraph"
"injury to them. You must also immediately send us any writ or","12","10.621","False","#000000","False","paragraph"
"summons, letter of claim or other document.","7","10.621","False","#000000","False","paragraph"
"In the event of a claim and if we require it, you must agree to be","16","10.621","False","#000000","False","paragraph"
"examined by a medical practitioner of our choice, at our","10","10.621","False","#000000","False","paragraph"
"expense. In the event of your death we may also request and","12","10.621","False","#000000","False","paragraph"
"will pay for a post-mortem examination.","6","10.621","False","#000000","False","paragraph"
"If we provide transportation or settle your claim and as a result","12","10.621","False","#000000","False","paragraph"
"you have unused travel ticket(s) you must surrender those","9","10.621","False","#000000","False","paragraph"
"tickets to us. If you do not we will deduct the amount of those","14","10.621","False","#000000","False","paragraph"
"tickets from any amount paid to you.","7","10.621","False","#000000","False","paragraph"
"We have the right, if we choose, in your name but at our","13","10.621","False","#000000","False","paragraph"
"expense to:","2","10.621","False","#000000","False","paragraph"
"a) take over the defence or settlement of any claim;","10","10.621","False","#000000","False","paragraph"
"b) take legal action in your name to get compensation from","11","10.621","False","#000000","False","paragraph"
"anyone else for our own benefit or to get back from","11","10.621","False","#000000","False","paragraph"
"anyone else any payments that have already been made;","9","10.621","False","#000000","False","paragraph"
"c) take any action to get back any lost property or property","12","10.621","False","#000000","False","paragraph"
"believed to be lost.","4","10.621","False","#000000","False","paragraph"
"If you or anyone acting for you in any respect, attempts to gain","13","10.621","False","#000000","False","paragraph"
"funds, information or other assets by deception or any other","10","10.621","False","#000000","False","paragraph"
"illegal means, including deliberate misrepresentation or omission","7","10.621","False","#000000","False","paragraph"
"of facts in order to misrepresent the true situation, this policy","11","10.621","False","#000000","False","paragraph"
"shall become void. We may inform the police and you must","11","10.621","False","#000000","False","paragraph"
"repay to us any amount already received under the policy.","10","10.621","False","#000000","False","paragraph"
"If we pay any expense for which you are not covered, you must","13","10.621","False","#000000","False","paragraph"
"pay this back within one month of our asking.","9","10.621","False","#000000","False","paragraph"
"We will make every effort to apply the full range of services in all","14","10.621","False","#000000","False","paragraph"
"circumstances as shown in your Policy booklet. Remote","8","10.621","False","#000000","False","paragraph"
"geographical locations or unforeseeable adverse local conditions","7","10.621","False","#000000","False","paragraph"
"may prevent the normal standard of service being provided.","9","10.621","False","#000000","False","paragraph"
"We may at any time pay to you our full liability under the Policy","14","10.621","False","#000000","False","paragraph"
"after which no further payments will be made in any respect.","11","10.621","False","#000000","False","paragraph"
"If at the time of any incident which results in a claim under this","14","10.621","False","#000000","False","paragraph"
"Benefit Schedule, there is another insurance covering the same","9","10.621","False","#000000","False","paragraph"
"loss, damage, expense or liability we will not pay more than our","12","10.621","False","#000000","False","paragraph"
"proportional share (not applicable to Section K – Travel","9","10.621","False","#000000","False","paragraph"
"Accident).","1","10.621","False","#000000","True","paragraph"
"If you possess multiple Ulster Bank cards you may only claim","11","10.621","False","#000000","False","paragraph"
"and we will only pay up to the highest limit of the cards, the","14","10.621","False","#000000","False","paragraph"
"benefit values will not be cumulative","6","10.621","False","#000000","False","paragraph"
"GENERAL EXCLUSIONS","2","13.968","True","#000000","True","heading"
"These exclusions apply throughout your Benefit Schedule. We will","9","10.621","False","#000000","False","paragraph"
"not pay for claims arising directly or indirectly from:","9","10.621","False","#000000","False","paragraph"
"Any pre-existing medical conditions.","4","11.124","False","#000000","False","paragraph"
"War, invasion, acts of foreign enemies, hostilities or warlike","9","10.621","False","#000000","False","paragraph"
"operations (whether war be declared or not), civil war, rebellion,","10","10.621","False","#000000","False","paragraph"
"terrorism, revolution, insurrection, civil commotion assuming","6","10.621","False","#000000","False","paragraph"
"the proportions of or amounting to an uprising, military or","10","10.621","False","#000000","False","paragraph"
"usurped power but this exclusion shall not apply to losses under","11","10.621","False","#000000","False","paragraph"
"Section H – Emergency Medical and Other Expenses Abroad,","9","10.621","False","#000000","True","paragraph"
"Section I – Hospital Benefit and Section K – Travel Accident","11","10.621","False","#000000","True","paragraph"
"unless such losses are caused by nuclear, chemical or","9","10.621","False","#000000","False","paragraph"
"biological attack, or the disturbances were already taking place","9","10.621","False","#000000","False","paragraph"
"at the beginning of any trip.","6","10.621","False","#000000","False","paragraph"
"Ionising radiation or contamination by radioactivity from any","8","10.621","False","#000000","False","paragraph"
"nuclear fuel or from any nuclear waste, from combustion of","10","10.621","False","#000000","False","paragraph"
"nuclear fuel, the radioactive, toxic, explosive or other hazardous","9","10.621","False","#000000","False","paragraph"
"properties of any nuclear assembly or nuclear component of","9","10.621","False","#000000","False","paragraph"
"such assembly.","2","10.621","False","#000000","False","paragraph"
"Loss, destruction or damage directly occasioned by pressure","8","10.621","False","#000000","False","paragraph"
"waves caused by aircraft and other aerial devices travelling at","10","10.621","False","#000000","False","paragraph"
"sonic or supersonic speeds.","4","10.621","False","#000000","False","paragraph"
"5","1","10.621","False","#000000","True","paragraph"
"Your participation in or practice of any sport or activity unless it","12","10.621","False","#000000","False","paragraph"
"is shown as covered in the list of Sports and Activities on page","13","10.621","False","#000000","False","paragraph"
"6.","1","10.621","False","#000000","True","paragraph"
"Your engagement in or practice of: manual work involving the","10","10.621","False","#000000","False","paragraph"
"use of dangerous equipment in connection with a profession","9","10.621","False","#000000","False","paragraph"
"business or trade, flying except as a fare paying passenger in a","12","10.621","False","#000000","False","paragraph"
"fully-licensed passenger-carrying aircraft, the use of motorised","7","10.621","False","#000000","False","paragraph"
"two or three wheeled vehicles unless a full driving licence issued","11","10.621","False","#000000","False","paragraph"
"in your country of residence is held permitting the use of such","12","10.621","False","#000000","False","paragraph"
"vehicles, professional entertaining, professional sports, racing","6","10.621","False","#000000","False","paragraph"
"(other than on foot), motor rallies and motor competitions, or any","11","10.621","False","#000000","False","paragraph"
"tests for speed or endurance.","5","10.621","False","#000000","False","paragraph"
"Any claim resulting from you attempting or committing suicide;","9","10.621","False","#000000","False","paragraph"
"deliberately injuring yourself; using any drug not prescribed by a","10","10.621","False","#000000","False","paragraph"
"registered medical practitioner, being addicted to any drugs, or","9","10.621","False","#000000","False","paragraph"
"abusing solvents, drugs, or alcohol, or being under the influence","10","10.621","False","#000000","False","paragraph"
"of drugs, solvents, or alcohol.","5","10.621","False","#000000","False","paragraph"
"Self exposure to needless peril (except in an attempt to save","11","10.621","False","#000000","False","paragraph"
"human life).","2","10.621","False","#000000","False","paragraph"
"Any claim resulting from your involvement in a fight except in","11","10.621","False","#000000","False","paragraph"
"self-defence.","1","10.621","False","#000000","False","paragraph"
"Your travel against any health requirements stipulated by the","9","10.621","False","#000000","False","paragraph"
"carrier, their handling agents or any other public transport","9","10.621","False","#000000","False","paragraph"
"provider.","1","10.621","False","#000000","False","paragraph"
"Your own unlawful action or any criminal proceedings against","9","10.621","False","#000000","False","paragraph"
"you.","1","11.124","True","#000000","True","paragraph"
"Any claim where you are entitled to indemnity under any other","11","10.621","False","#000000","False","paragraph"
"insurance, including any amounts recoverable from any other","8","10.621","False","#000000","False","paragraph"
"source, except in respect of any excess beyond the amount","10","10.621","False","#000000","False","paragraph"
"which would have been covered under such other Insurance, or","10","10.621","False","#000000","False","paragraph"
"any amount recoverable from any other source, had these","9","10.621","False","#000000","False","paragraph"
"benefits herein not been effected.","5","10.621","False","#000000","False","paragraph"
"Any other loss, damage or additional expense following on from","10","10.621","False","#000000","False","paragraph"
"the event for which you are claiming. Examples of such loss,","11","10.621","False","#000000","False","paragraph"
"damage or additional expenses would be the cost incurred in","10","10.621","False","#000000","False","paragraph"
"preparing a claim, loss of earnings, loss or costs incurred arising","11","10.621","False","#000000","False","paragraph"
"from the interruption of your business, inconvenience, distress,","8","10.621","False","#000000","False","paragraph"
"or loss of enjoyment.","4","10.621","False","#000000","False","paragraph"
"Operational duties as a member of the Armed Forces.","9","10.621","False","#000000","False","paragraph"
"Your travel to a country or specific area or event to which a","13","10.621","False","#000000","False","paragraph"
"government agency in the country of residence or the World","10","10.621","False","#000000","False","paragraph"
"Health Organisation has advised the public not to travel, or","10","10.621","False","#000000","False","paragraph"
"which are officially under embargo by the United Nations.","9","10.621","False","#000000","False","paragraph"
"Any claim caused by you climbing, jumping or moving from one","11","10.621","False","#000000","False","paragraph"
"balcony to another regardless of the height of the balcony.","10","10.621","False","#000000","False","paragraph"
"Any costs you would have been required or been expected to","11","10.621","False","#000000","False","paragraph"
"pay, if the event resulting in the claim had not happened.","11","10.621","False","#000000","False","paragraph"
"Any circumstances you are aware of that could reasonably be","10","10.621","False","#000000","False","paragraph"
"expected to give rise to a claim on this policy.","10","10.621","False","#000000","False","paragraph"
"Costs of telephone calls or faxes, meals, taxi fares (with the","11","10.621","False","#000000","False","paragraph"
"exception of the taxi costs incurred for the initial journey to a","12","10.621","False","#000000","False","paragraph"
"hospital abroad due to your illness or injury), newspapers,","9","10.621","False","#000000","False","paragraph"
"laundry costs, or interpreters’ fees.","5","10.621","False","#000000","False","paragraph"
"Cover for Benefits in Section H – Emergency Medical and Other","11","10.621","False","#000000","True","paragraph"
"Expenses Abroad, Section I – Hospital Benefit and Section L –","11","10.621","False","#000000","True","paragraph"
"Personal Liability is excluded in the country of residence.","9","10.621","False","#000000","False","paragraph"
"SPORTS AND ACTIVITIES","3","13.968","True","#000000","True","heading"
"You are covered under Section H – Emergency Medical and Other","11","10.621","False","#000000","False","paragraph"
"Expenses Abroad for the following activities provided your","8","10.621","False","#000000","False","paragraph"
"participation in them is not the sole or main reason for your trip.","13","10.621","False","#000000","False","paragraph"
"Cover under Section K – Travel Accident and Section L – Personal","12","10.621","False","#000000","False","paragraph"
"Liability for those sports or activities marked with * is excluded.","11","10.621","False","#000000","False","paragraph"
"*Abseiling","1","10.621","False","#000000","False","paragraph"
"*Archery","1","10.621","False","#000000","False","paragraph"
"Badminton","1","10.621","False","#000000","True","paragraph"
"Baseball","1","10.621","False","#000000","True","paragraph"
"Basketball","1","10.621","False","#000000","True","paragraph"
"Bowling","1","10.621","False","#000000","True","paragraph"
"Camel Riding","2","10.621","False","#000000","True","paragraph"
"Canoeing (up to grade/class 2)","5","10.621","False","#000000","False","paragraph"
"*Canoeing (up to grade/class 3 to 4)","7","10.621","False","#000000","False","paragraph"
"AXA Travel Insurance Draft Ulster Bank Black MasterCard NI - 11 2011","12","10.621","False","#000000","True","paragraph"
"*Clay pigeon shooting","3","10.621","False","#000000","False","paragraph"
"Cricket","1","10.621","False","#000000","True","paragraph"
"*Cross country skiing","3","10.621","False","#000000","False","paragraph"
"Elephant Riding","2","10.621","False","#000000","True","paragraph"
"*Fell running","2","10.621","False","#000000","False","paragraph"
"*Fencing","1","10.621","False","#000000","False","paragraph"
"Fishing","1","10.621","False","#000000","True","paragraph"
"Football","1","10.621","False","#000000","True","paragraph"
"*Glacier Skiing","2","10.621","False","#000000","False","paragraph"
"*Go- Karting","2","10.621","False","#000000","True","paragraph"
"Golf","1","10.621","False","#000000","True","paragraph"
"Hockey","1","10.621","False","#000000","True","paragraph"
"*Horse Riding","2","10.621","False","#000000","False","paragraph"
"Horse Trekking","2","10.621","False","#000000","True","paragraph"
"*Hot air ballooning","3","10.621","False","#000000","False","paragraph"
"Ice Skating (on recognised ski rinks)","6","10.621","False","#000000","False","paragraph"
"*Jet Biking","2","10.621","False","#000000","True","paragraph"
"*Jet Skiing","2","10.621","False","#000000","True","paragraph"
"Kitesurfing","1","10.621","False","#000000","True","paragraph"
"Monoskiing","1","10.621","False","#000000","True","paragraph"
"*Mountain bicycling on tarmac","4","10.621","False","#000000","False","paragraph"
"Netball","1","10.621","False","#000000","True","paragraph"
"Orienteering","1","10.621","False","#000000","True","paragraph"
"*Paintball","1","10.621","False","#000000","False","paragraph"
"Pony Trekking","2","10.621","False","#000000","True","paragraph"
"Racquetball","1","10.621","False","#000000","True","paragraph"
"Road Cycling","2","10.621","False","#000000","True","paragraph"
"Roller skating","2","10.621","False","#000000","False","paragraph"
"Rounders","1","10.621","False","#000000","True","paragraph"
"Running","1","10.621","False","#000000","True","paragraph"
"Sailing (within 20 Nautical Miles of the coastline)","8","10.621","False","#000000","False","paragraph"
"*Sailing (Outside 20 Nautical Miles of the coastline)","8","10.621","False","#000000","False","paragraph"
"Scuba diving (Unqualified and above 18 metres)","7","10.621","False","#000000","False","paragraph"
"*Scuba diving (Qualified and above 40 metres)","7","10.621","False","#000000","False","paragraph"
"*Ski touring","2","10.621","False","#000000","False","paragraph"
"*Skidoo","1","10.621","False","#000000","False","paragraph"
"Skiing (on piste or off piste with a guide)","9","10.621","False","#000000","False","paragraph"
"*Snowblading","1","10.621","False","#000000","False","paragraph"
"Snowboarding (on piste or off piste with a guide)","9","10.621","False","#000000","False","paragraph"
"Snowshoeing","1","10.621","False","#000000","True","paragraph"
"Squash","1","10.621","False","#000000","True","paragraph"
"Surfing","1","10.621","False","#000000","True","paragraph"
"Table Tennis","2","10.621","False","#000000","True","paragraph"
"Tennis","1","10.621","False","#000000","True","paragraph"
"*Tobogganing","1","10.621","False","#000000","False","paragraph"
"Trampolining","1","10.621","False","#000000","True","paragraph"
"Trekking (Up to 4000 metres without use of climbing equipment)","10","10.621","False","#000000","False","paragraph"
"Volleyball","1","10.621","False","#000000","True","paragraph"
"*War games","2","10.621","False","#000000","False","paragraph"
"Water polo","2","10.621","False","#000000","True","paragraph"
"Water Skiing","2","10.621","False","#000000","True","paragraph"
"Wind Surfing","2","10.621","False","#000000","True","paragraph"
"Yachting (within 20 Nautical Miles of the coastline)","8","10.621","False","#000000","False","paragraph"
"*Yachting (Outside 20 Nautical Miles of the coastline)","8","10.621","False","#000000","False","paragraph"
"Zorbing","1","10.621","False","#000000","True","paragraph"
"BENEFIT SCHEDULE SECTION A – TRAVEL ADVICE","7","13.968","True","#000000","True","heading"
"WHAT IS COVERED","3","10.621","False","#000000","True","paragraph"
"Before and during your trip we will provide you with information on:","12","10.621","False","#000000","False","paragraph"
"preparing for a journey.","4","10.621","False","#000000","False","paragraph"
"current visa and entry requirements for all countries. If you hold a","12","10.621","False","#000000","False","paragraph"
"passport from a country other than the country of residence, we","11","10.621","False","#000000","False","paragraph"
"may need to refer you to the embassy or consulate of the country","13","10.621","False","#000000","False","paragraph"
"concerned.","1","10.621","False","#000000","False","paragraph"
"current vaccination requirements for all countries and information","8","10.621","False","#000000","False","paragraph"
"on current World Health Organisation warnings.","6","10.621","False","#000000","False","paragraph"
"customs duties and regulations","4","10.621","False","#000000","False","paragraph"
"foreign exchange rates and value added taxes.","7","10.621","False","#000000","False","paragraph"
"referrals to embassies or Consulates.","5","10.621","False","#000000","False","paragraph"
"weather forecasts abroad.","3","10.621","False","#000000","False","paragraph"
"6","1","10.621","False","#000000","True","paragraph"
"specific languages spoken at the travel destination.","7","10.621","False","#000000","False","paragraph"
"time zones and time differences.","5","10.621","False","#000000","False","paragraph"
"SECTION B – TRAVEL ASSISTANCE","5","13.968","True","#000000","True","heading"
"WHAT IS COVERED","3","10.621","False","#000000","True","paragraph"
"During your trip we will:","5","11.124","False","#000000","False","paragraph"
"assist you with the procurement of a lawyer and/or interpreter and","11","10.621","False","#000000","False","paragraph"
"or the advance of any legal or interpreter’s fees if you are","12","10.621","False","#000000","False","paragraph"
"arrested or threatened with arrest while travelling, or are required","10","10.621","False","#000000","False","paragraph"
"to deal with any public authority.","6","10.621","False","#000000","False","paragraph"
"relay messages to your close relatives, business colleagues or","9","10.621","False","#000000","False","paragraph"
"friends in your country of residence.","6","11.124","False","#000000","False","paragraph"
"assist in locating your luggage lost by a common carrier and","11","10.621","False","#000000","False","paragraph"
"organise the dispatch of such luggage, if recovered, to your","10","10.621","False","#000000","False","paragraph"
"location outside of the country of residence. Costs of dispatch, if","11","10.621","False","#000000","False","paragraph"
"any, shall be borne by you without prejudice of your possible","11","10.621","False","#000000","False","paragraph"
"claim against the responsible and/or the travel agent.","8","10.621","False","#000000","False","paragraph"
"provide an advance of funds up to the amount shown in the","12","10.621","False","#000000","False","paragraph"
"Benefit Table, if your covered card is lost or stolen and there","12","10.621","False","#000000","False","paragraph"
"are no other means for you to obtain funds. All advances and","12","10.621","False","#000000","False","paragraph"
"delivery fees will be charged to your covered card account","10","10.621","False","#000000","False","paragraph"
"unless other accepted means of repayment to us are made in","11","10.621","False","#000000","False","paragraph"
"advance.","1","10.621","False","#000000","False","paragraph"
"provide you with necessary information and assist you in","9","10.621","False","#000000","False","paragraph"
"obtaining replacement travel documents such as passport, entry","8","10.621","False","#000000","False","paragraph"
"visa or airline tickets, from the appropriate local authority if the","11","10.621","False","#000000","False","paragraph"
"documents required for the return journey are lost or stolen. We","11","10.621","False","#000000","False","paragraph"
"will not pay the charges payable for issuing new documents.","10","10.621","False","#000000","False","paragraph"
"refer you to physicians, hospitals, clinics, ambulances, private","8","10.621","False","#000000","False","paragraph"
"duty nurses, dentists, dental clinics, services for the disabled,","9","10.621","False","#000000","False","paragraph"
"ophthalmologists, pharmacies, opticians and suppliers of contact","7","10.621","False","#000000","False","paragraph"
"lenses and medical aid equipment.","5","10.621","False","#000000","False","paragraph"
"replace essential prescription medication which has been lost or","9","10.621","False","#000000","False","paragraph"
"stolen, if it, or a local equivalent, is unavailable when you are","12","10.621","False","#000000","False","paragraph"
"outside the country of residence. We will bear the costs for","11","10.621","False","#000000","False","paragraph"
"dispatch, but all costs of obtaining the medicine will be borne by","12","10.621","False","#000000","False","paragraph"
"you. The transportation of medicine remains subject to the","9","10.621","False","#000000","False","paragraph"
"regulations imposed by airline companies or any other","8","10.621","False","#000000","False","paragraph"
"transportation company, as well as local and/or international law.","9","10.621","False","#000000","False","paragraph"
"in the case of an illness or bodily injury affecting your close","12","10.621","False","#000000","False","paragraph"
"relative residing in the country of residence, AXA Assistance","9","11.124","False","#000000","False","paragraph"
"will monitor their condition and keep you informed.","8","10.621","False","#000000","False","paragraph"
"S PECIAL CONDITIONS","3","10.621","False","#000000","True","paragraph"
"Anything mentioned in GENERAL CONDITIONS on page 5.","8","10.621","False","#000000","False","paragraph"
"W HAT IS NOT COVERED","5","10.621","False","#000000","True","paragraph"
"The cost of any advance or delivery fee.","8","10.621","False","#000000","False","paragraph"
"Anything mentioned in GENERAL EXCLUSIONS on page 5.","8","10.621","False","#000000","False","paragraph"
"SECTION C – CANCELLATION OR CURTAILMENT CHARGES","7","13.968","True","#000000","True","heading"
"YOU SHOULD ALWAYS CONTACT AXA ASSISTANCE BEFORE","7","10.621","False","#000000","True","paragraph"
"CURTAILMENT Telephone Number +XXXX","4","10.621","False","#000000","False","paragraph"
"D EFINITIONS - Applicable to this section","7","10.621","False","#000000","False","paragraph"
"You/your/covered person(s)","2","11.124","True","#000000","False","paragraph"
"the beneficiaries, even when travelling without the Cardholder,","8","10.621","False","#000000","False","paragraph"
"and a maximum of 5 fellow travellers travelling with the Cardholder","11","10.621","False","#000000","False","paragraph"
"on the same trip outside of the country of residence.","10","10.621","False","#000000","False","paragraph"
"W HAT IS COVERED","4","10.621","False","#000000","True","paragraph"
"We will pay you, up to the amount shown in the Benefit Table per","14","10.621","False","#000000","False","paragraph"
"trip for all covered persons for any irrecoverable unused travel and","11","10.621","False","#000000","False","paragraph"
"accommodation costs and other pre-paid charges which you have","9","10.621","False","#000000","False","paragraph"
"paid or are contracted to pay together with any reasonable additional","11","10.621","False","#000000","False","paragraph"
"travel expenses incurred if;","4","10.621","False","#000000","False","paragraph"
"a) cancellation of the trip is necessary and unavoidable; or","10","10.621","False","#000000","False","paragraph"
"b) the trip is curtailed before completion;","7","10.621","False","#000000","False","paragraph"
"AXA Travel Insurance Draft Ulster Bank Black MasterCard NI - 11 2011","12","10.621","False","#000000","True","paragraph"
"as a result of any of the following changes in circumstances, which is","13","10.621","False","#1a1717","False","paragraph"
"beyond your control, and of which you were unaware at the time","12","10.621","False","#000000","False","paragraph"
"you booked your trip:","4","11.124","False","#000000","False","paragraph"
"unforeseen illness, injury or death of you or a close relative.","11","10.621","False","#000000","False","paragraph"
"The Police requesting you to remain at or subsequently return","10","10.621","False","#000000","False","paragraph"
"home due to serious damage to your home or business caused","11","10.621","False","#000000","False","paragraph"
"by fire, aircraft, explosion, storm, flood, subsidence, malicious","8","10.621","False","#000000","False","paragraph"
"persons or theft.","3","10.621","False","#000000","False","paragraph"
"R EBOOKING FEES","3","10.621","False","#000000","True","paragraph"
"We will pay you up to the amount shown in the Benefit Table for","14","10.621","False","#000000","False","paragraph"
"rebooking fees if, due to an incident covered by Section C –","12","10.621","False","#000000","False","paragraph"
"Cancellation, you chose to rebook your covered holiday instead of","10","10.621","False","#000000","False","paragraph"
"cancel.","1","10.621","False","#000000","False","paragraph"
"S PECIAL CONDITIONS","3","10.621","False","#000000","True","paragraph"
"You must obtain a medical certificate from your treating medical","10","10.621","False","#000000","False","paragraph"
"practitioner and prior approval of AXA Assistance to confirm the","10","10.621","False","#000000","False","paragraph"
"necessity to return home prior to curtailment of the trip due to","12","10.621","False","#000000","False","paragraph"
"death, bodily injury or illness.","5","10.621","False","#000000","False","paragraph"
"If you delay or fail to notify the travel agent, tour operator or","13","10.621","False","#000000","False","paragraph"
"provider of transport/ accommodation, at the time it is found","10","10.621","False","#000000","False","paragraph"
"necessary to cancel the trip, our liability shall be restricted to the","12","10.621","False","#000000","False","paragraph"
"cancellation charges that would have applied had failure or delay","10","10.621","False","#000000","False","paragraph"
"not occurred.","2","10.621","False","#000000","False","paragraph"
"If you cancel the trip due to bodily injury or illness you must","13","10.621","False","#000000","False","paragraph"
"provide a medical certificate from the medical practitioner","8","10.621","False","#000000","False","paragraph"
"treating the injured/ill person, stating that this necessarily and","9","10.621","False","#000000","False","paragraph"
"reasonably prevented you from travelling.","5","10.621","False","#000000","False","paragraph"
"You must contact us to make necessary travel arrangements for","10","10.621","False","#000000","False","paragraph"
"you.","1","11.124","True","#000000","True","paragraph"
"In the event of a claim for curtailment, indemnity will be","11","10.621","False","#000000","False","paragraph"
"calculated strictly from the date you return to your home in the","12","10.621","False","#000000","False","paragraph"
"country of residence.","3","11.124","True","#000000","False","heading"
"Anything mentioned in GENERAL CONDITIONS on page 5.","8","10.621","False","#000000","False","paragraph"
"W HAT IS NOT COVERED","5","10.621","False","#000000","True","paragraph"
"Any claim arising directly or indirectly from any pre-existing","9","10.621","False","#000000","False","paragraph"
"medical conditions of you or a close relative.","8","11.124","False","#000000","False","paragraph"
"The cost of recoverable airport charges and levies.","8","10.621","False","#000000","False","paragraph"
"Any costs incurred because you did not contact AXA Assistance","10","10.621","False","#000000","False","paragraph"
"to make the necessary travel arrangements, immediately when","8","10.621","False","#000000","False","paragraph"
"you knew that your trip was to be curtailed.","9","10.621","False","#000000","False","paragraph"
"Any claim arising directly or indirectly from circumstances known","9","10.621","False","#000000","False","paragraph"
"to you prior to the date the date these benefits became effective","12","10.621","False","#000000","False","paragraph"
"or the time of booking any trip (whichever is the earlier) which","12","10.621","False","#000000","False","paragraph"
"could reasonably have been expected to give rise to cancellation","10","10.621","False","#000000","False","paragraph"
"or curtailment of the trip.","5","10.621","False","#000000","False","paragraph"
"Any costs paid for using any airline mileage reward scheme, for","11","10.621","False","#000000","False","paragraph"
"example Air Miles, or any card bonus point schemes, any","10","10.621","False","#000000","False","paragraph"
"Timeshare, Holiday Property Bond or other holiday points scheme","9","10.621","False","#000000","False","paragraph"
"and/or any associated maintenance fees.","5","10.621","False","#000000","False","paragraph"
"Any claim arising from pregnancy or childbirth unless certified by","10","10.621","False","#000000","False","paragraph"
"a medical practitioner as necessary due to unforeseen","8","10.621","False","#000000","False","paragraph"
"complications which commence after the date these benefits","8","10.621","False","#000000","False","paragraph"
"became effective or after booking any trip, whichever is the later.","11","10.621","False","#000000","False","paragraph"
"Any costs incurred when you do not get a medical certificate from","12","10.621","False","#000000","False","paragraph"
"the treating medical practitioner at your resort or place of","10","10.621","False","#000000","False","paragraph"
"incident, explaining why it is deemed medically necessary to","9","10.621","False","#000000","False","paragraph"
"return early to the country of residence.","7","10.621","False","#000000","False","paragraph"
"Any claim resulting from your inability to travel due to a covered","12","10.621","False","#000000","False","paragraph"
"person’s failure to hold, obtain or produce a valid passport or any","12","10.621","False","#000000","False","paragraph"
"required visas.","2","10.621","False","#000000","False","paragraph"
"Anything mentioned in GENERAL EXCLUSIONS on page 5.","8","10.621","False","#000000","False","paragraph"
"SECTION D - MISSED DEPARTURE/ MISSED CONNECTION","7","13.968","True","#000000","True","heading"
"DEFINITIONS - Applicable to this section","6","10.621","False","#000000","False","paragraph"
"You/your","1","11.124","True","#000000","True","paragraph"
"the beneficiaries and a maximum of 5 fellow travellers travelling","10","10.621","False","#000000","False","paragraph"
"with the Cardholder on the same trip.","7","10.621","False","#000000","False","paragraph"
"7","1","10.621","False","#000000","True","paragraph"
"WHAT IS COVERED","3","10.621","False","#000000","True","paragraph"
"We will pay you, up to the amount shown in the Benefit Table per","14","10.621","False","#000000","False","paragraph"
"trip for all covered persons, for reasonable meals, refreshments,","9","10.621","False","#000000","False","paragraph"
"additional accommodation (room only) and travel expenses","7","10.621","False","#000000","False","paragraph"
"necessarily incurred in reaching your overseas destination or","8","10.621","False","#000000","False","paragraph"
"connecting flights outside the country of residence if you fail to","11","10.621","False","#000000","False","paragraph"
"arrive at the international departure point in time to board the","11","10.621","False","#000000","False","paragraph"
"scheduled public transport on which you are booked to travel on","11","10.621","False","#000000","False","paragraph"
"the initial international journey of the trip as a result of:","11","10.621","False","#000000","False","paragraph"
"the failure of other scheduled public transport; or","8","10.621","False","#000000","False","paragraph"
"an accident to or breakdown of the vehicle in which you are","12","10.621","False","#000000","False","paragraph"
"travelling.","1","10.621","False","#000000","False","paragraph"
"S PECIAL CONDITIONS","3","10.621","False","#000000","True","paragraph"
"You must allow sufficient time for the scheduled public transport","10","10.621","False","#000000","False","paragraph"
"or other transport to arrive on schedule and to deliver you to the","13","10.621","False","#000000","False","paragraph"
"departure point.","2","10.621","False","#000000","False","paragraph"
"You must obtain a written report from the carrier confirming the","11","10.621","False","#000000","False","paragraph"
"delay and cause.","3","10.621","False","#000000","False","paragraph"
"You must retain all receipts.","5","10.621","False","#000000","False","paragraph"
"You must obtain a written report from the police or attending","11","10.621","False","#000000","False","paragraph"
"emergency service if the vehicle you are travelling in breaks","10","10.621","False","#000000","False","paragraph"
"down or is involved in an accident.","7","10.621","False","#000000","False","paragraph"
"You may claim only once under Section E – Delayed","10","10.621","False","#000000","False","paragraph"
"Departure/Abandonment or once under Section D – Missed","8","10.621","False","#000000","False","paragraph"
"Departure/Missed Connection or once under Section F –","8","10.621","False","#000000","False","paragraph"
"Involuntary Denial of Boarding for the same event, not twice or all.","12","10.621","False","#000000","False","paragraph"
"Anything mentioned in GENERAL CONDITIONS on page 5.","8","10.621","False","#000000","False","paragraph"
"W HAT IS NOT COVERED","5","10.621","False","#000000","True","paragraph"
"Strike or industrial action existing or declared publicly by the","10","10.621","False","#000000","False","paragraph"
"date these benefits became effective or you booked your trip","10","10.621","False","#000000","False","paragraph"
"(whichever is the earlier).","4","10.621","False","#000000","False","paragraph"
"An accident to or breakdown of the vehicle in which you are","12","10.621","False","#000000","False","paragraph"
"travelling for which a professional repairers report is not","9","10.621","False","#000000","False","paragraph"
"provided.","1","10.621","False","#000000","False","paragraph"
"Breakdown of any vehicle in which you are travelling if the","11","10.621","False","#000000","False","paragraph"
"vehicle is owned by you and has not been serviced properly and","12","10.621","False","#000000","False","paragraph"
"maintained in accordance with manufacturer’s instructions.","6","10.621","False","#000000","False","paragraph"
"Withdrawal from service (temporary or otherwise) of an aircraft or","10","10.621","False","#000000","False","paragraph"
"sea vessel on the recommendation of the Aviation Authority or a","11","10.621","False","#000000","False","paragraph"
"Port Authority or any similar body in any country.","9","10.621","False","#000000","False","paragraph"
"Additional expenses where the scheduled public transport","7","10.621","False","#000000","False","paragraph"
"operator has offered reasonable alternative travel arrangements.","7","10.621","False","#000000","False","paragraph"
"Missed departure when less than a minimum connection time of","10","10.621","False","#000000","False","paragraph"
"2 hours between connecting flights at an international point of","10","10.621","False","#000000","False","paragraph"
"departure has been arranged or longer if flight reservations","9","10.621","False","#000000","False","paragraph"
"systems require longer periods for connections.","6","10.621","False","#000000","False","paragraph"
"Any expenses when reasonable alternative travel arrangements","7","10.621","False","#000000","False","paragraph"
"have been made available within 4 hours of the scheduled","10","10.621","False","#000000","False","paragraph"
"departure time or within 4 hours of an actual connecting flight","11","10.621","False","#000000","False","paragraph"
"arrival time.","2","10.621","False","#000000","False","paragraph"
"Anything mentioned in GENERAL EXCLUSIONS on page 5.","8","10.621","False","#000000","False","paragraph"
"SECTION E – DELAYED DEPARTURE/ ABANDONMENT","6","13.968","True","#000000","True","heading"
"DEFINITIONS - Applicable to this section","6","10.621","False","#000000","False","paragraph"
"You/your","1","11.124","True","#000000","True","paragraph"
"the beneficiaries and a maximum of 5 fellow travellers travelling","10","10.621","False","#000000","False","paragraph"
"with the Cardholder on the same trip.","7","10.621","False","#000000","False","paragraph"
"W HAT IS COVERED","4","10.621","False","#000000","True","paragraph"
"If departure of the scheduled public transport on which you are","11","10.621","False","#000000","False","paragraph"
"booked to travel is delayed at the final departure point from or to the","14","10.621","False","#000000","False","paragraph"
"country of residence for at least 4 hours from the scheduled time of","13","10.621","False","#000000","False","paragraph"
"departure due to:","3","10.621","False","#000000","False","paragraph"
"a) strike or industrial action or","6","11.124","False","#000000","False","paragraph"
"b) adverse weather conditions or","5","11.124","False","#000000","False","paragraph"
"c) mechanical breakdown of or a technical fault occurring in the","11","10.621","False","#000000","False","paragraph"
"scheduled public transport on which you are booked to","9","10.621","False","#000000","False","paragraph"
"travel","1","10.621","False","#000000","False","paragraph"
"we will pay you, either:","5","11.124","False","#000000","False","paragraph"
"AXA Travel Insurance Draft Ulster Bank Black MasterCard NI - 11 2011","12","10.621","False","#000000","True","paragraph"
"up to the amount shown in the Benefit Table after a minimum of","13","10.621","False","#000000","False","paragraph"
"4 hours delay, up to a maximum of the amount shown in the","13","10.621","False","#000000","False","paragraph"
"Benefit Table for covered persons travelling together, for","8","11.124","False","#000000","False","paragraph"
"reasonable meals, refreshments and additional accommodation","6","10.621","False","#000000","False","paragraph"
"(room only); or","3","10.621","False","#000000","False","paragraph"
"up to the amount as shown in the Benefit Table for Section C -","14","10.621","False","#000000","False","paragraph"
"Cancellation for any irrecoverable unused travel and","7","10.621","False","#000000","False","paragraph"
"accommodation costs and other pre-paid charges for all covered","9","10.621","False","#000000","False","paragraph"
"persons which you have paid or are contracted to pay if after a","13","10.621","False","#000000","False","paragraph"
"minimum of 24 hours delay, you choose to cancel your trip.","11","10.621","False","#000000","False","paragraph"
"S PECIAL CONDITIONS","3","10.621","False","#000000","True","paragraph"
"You must check in according to the itinerary supplied to you.","11","10.621","False","#000000","False","paragraph"
"You must obtain confirmation from the carriers (or their handling","10","10.621","False","#000000","False","paragraph"
"agents) in writing of the number of hours of delay and the reason","13","10.621","False","#000000","False","paragraph"
"for the delay.","3","10.621","False","#000000","False","paragraph"
"You must comply with the terms of contract of the travel agent,","12","10.621","False","#000000","False","paragraph"
"tour operator or provider of transport.","6","10.621","False","#000000","False","paragraph"
"You may claim only once under Section E – Delayed","10","10.621","False","#000000","False","paragraph"
"Departure/Abandonment or once under Section D – Missed","8","10.621","False","#000000","False","paragraph"
"Departure/Missed Connection or once under Section F –","8","10.621","False","#000000","False","paragraph"
"Involuntary Denial of Boarding for the same event, not twice or all.","12","10.621","False","#000000","False","paragraph"
"Anything mentioned in GENERAL CONDITIONS on page 5.","8","10.621","False","#000000","False","paragraph"
"W HAT IS NOT COVERED","5","10.621","False","#000000","True","paragraph"
"Strike or industrial action or air traffic control delay existing or","11","10.621","False","#000000","False","paragraph"
"publicly declared by the date these benefits became effective or","10","10.621","False","#000000","False","paragraph"
"you booked your trip (whichever is the earlier).","8","10.621","False","#000000","False","paragraph"
"Withdrawal from service (temporary or otherwise) of an aircraft or","10","10.621","False","#000000","False","paragraph"
"sea vessel on the recommendation of the Aviation Authority or a","11","10.621","False","#000000","False","paragraph"
"Port Authority or any similar body in any country.","9","10.621","False","#000000","False","paragraph"
"Anything mentioned in GENERAL EXCLUSIONS on page 5.","8","10.621","False","#000000","False","paragraph"
"SECTION F – INVOLUNTARY DENIAL OF BOARDING","7","13.968","True","#000000","True","heading"
"DEFINITIONS - Applicable to this section","6","10.621","False","#000000","False","paragraph"
"You/your","1","11.124","True","#000000","True","paragraph"
"the beneficiaries and a maximum of 5 fellow travellers travelling","10","10.621","False","#000000","False","paragraph"
"with the Cardholder on the same trip.","7","10.621","False","#000000","False","paragraph"
"W HAT IS COVERED","4","10.621","False","#000000","True","paragraph"
"If you have checked-in, or attempted to check in, for a confirmed","12","10.621","False","#000000","False","paragraph"
"scheduled flight, within the published check-in times, and you are","10","10.621","False","#000000","False","paragraph"
"involuntarily denied boarding as a result of overbooking, we will pay","11","10.621","False","#000000","False","paragraph"
"your costs incurred in respect of restaurant meals and refreshments","10","10.621","False","#000000","False","paragraph"
"consumed after a minimum of 4 hours delay and your actual","11","10.621","False","#000000","False","paragraph"
"departure time, up to the amount shown in the Benefit Table per trip","13","10.621","False","#000000","False","paragraph"
"for all covered persons.","4","10.621","False","#000000","False","paragraph"
"S PECIAL CONDITIONS","3","10.621","False","#000000","True","paragraph"
"You may claim only once under Section E – Delayed","10","10.621","False","#000000","False","paragraph"
"Departure/Abandonment or once under Section D – Missed","8","10.621","False","#000000","False","paragraph"
"Departure/Missed Connection or once under Section F –","8","10.621","False","#000000","False","paragraph"
"Involuntary Denial of Boarding for the same event, not twice or all.","12","10.621","False","#000000","False","paragraph"
"Anything mentioned in GENERAL CONDITIONS on page 5.","8","10.621","False","#000000","False","paragraph"
"W HAT IS NOT COVERED","5","10.621","False","#000000","True","paragraph"
"Any costs or charges for which the airline will compensate you;","11","10.621","False","#000000","False","paragraph"
"Any costs or charges incurred where seat bumping was not","10","10.621","False","#000000","False","paragraph"
"involuntary and/or on a mandatory basis;","6","10.621","False","#000000","False","paragraph"
"Any claims where written proof from the airline is not obtained","11","10.621","False","#000000","False","paragraph"
"confirming your inability to travel through over-booking and the","9","10.621","False","#000000","False","paragraph"
"period of delay until your next available flight is confirmed.","10","10.621","False","#000000","False","paragraph"
"Anything mentioned in GENERAL EXCLUSIONS on page 5.","8","10.621","False","#000000","False","paragraph"
"SECTION G – BAGGAGE DELAY AND EXTENDED BAGGAGE DELAY","9","13.968","True","#000000","True","heading"
"DEFINITIONS - Applicable to this section","6","10.621","False","#000000","False","paragraph"
"You/your","1","11.124","True","#000000","True","paragraph"
"the beneficiaries and a maximum of 5 fellow travellers travelling","10","10.621","False","#000000","False","paragraph"
"with the Cardholder on the same trip.","7","10.621","False","#000000","False","paragraph"
"8","1","10.621","False","#000000","True","paragraph"
