"line","word_count","font_size","is_bold","color","title_case","label"
"Lorem Ipsum is simply dummy text of the printing and typesetting industry. Lorem Ipsum has","15","14.311","False","#000000","False","paragraph"
"been the industry's standard dummy text ever since the 1500s, when an unknown printer took a","16","14.311","False","#000000","False","paragraph"
"galley of type and scrambled it to make a type specimen book. It has survived not only five","18","14.311","False","#000000","False","paragraph"
"centuries, but also the leap into electronic typesetting, remaining essentially unchanged. It was","13","14.311","False","#000000","False","paragraph"
"popularised in the 1960s with the release of Letraset sheets containing Lorem Ipsum passages,","14","14.311","False","#000000","False","paragraph"
"and more recently with desktop publishing software like Aldus PageMaker including versions of","13","14.311","False","#000000","False","paragraph"
"Lorem Ipsum.","2","14.311","False","#000000","True","paragraph"
