"line","word_count","font_size","is_bold","color","title_case","label"
"Simply dummy text of the printing and typesetting industry. Lorem Ipsum has been the industry's","15","14.311","False","#000000","False","paragraph"
"standard dummy text ever since the 1500s, when an unknown printer took a galley of type and","17","14.311","False","#000000","False","paragraph"
"s imply dummy text of the printing and typesetting industry. Lorem Ipsum has been the industry's","16","14.311","False","#000000","False","paragraph"
"standard dummy text ever since the 1500s, when an unknown printer took a galley of type and","17","14.311","False","#000000","False","paragraph"
"scrambled it to make a type specimen book. It has survived not only five centuries, but also the","18","14.311","False","#000000","False","paragraph"
"leap into electronic typesetting, remaining essentially unchanged. It was popularised in the 196","13","14.311","False","#000000","False","paragraph"
"Simply dummy text of the printing and typesetting industry. Lorem Ipsum has been the","14","14.311","False","#000000","False","paragraph"
"industry's standard dummy text ever since the 1500s, when an unknown printer took a","14","14.311","False","#000000","False","paragraph"
"galley of type and scrambled it to make a type specimen book. It has survived not only","17","14.311","False","#000000","False","paragraph"
"five centuries, but also the leap into electronic typesetting, remaining essentially","11","14.311","False","#000000","False","paragraph"
"unchanged. It was popularised in the 196","7","14.311","False","#000000","False","paragraph"
"Simply dummy text of the printing and typesetting industry. Lorem Ipsum has been the","14","14.311","False","#000000","False","paragraph"
"industry's standard dummy text ever since the 1500s, when an unknown printer took a","14","14.311","False","#000000","False","paragraph"
"galley of type and scrambled it to make a type specimen book. It has survived not only","17","14.311","False","#000000","False","paragraph"
"five centuries, but also the leap into electronic typesetting, remaining essentially","11","14.311","False","#000000","False","paragraph"
"unchanged. It was popularised in the 196.","7","14.311","False","#000000","False","paragraph"
"simply dummy text of the printing and typesetting industry. Lorem Ipsum has been the industry's","15","14.311","False","#000000","False","paragraph"
"standard dummy text ever since the 1500s, when an unknown printer took a galley of type and","17","14.311","False","#000000","False","paragraph"
"scrambled it to make a type specimen book. It has sur","11","14.311","False","#000000","False","paragraph"
"s imply dummy text of the printing and typesetting industry. Lorem Ipsum has been the industry's","16","14.311","False","#000000","False","paragraph"
"standard dummy text ever since the 1500s, when an unknown printer took a galley of type and","17","14.311","False","#000000","False","paragraph"
"scrambled it to make a type specimen book. It has survived not only five centuries, but also the","18","14.311","False","#000000","False","paragraph"
"leap into electronic typesetting, remaining essentially unchanged. It was popularised in the 196","13","14.311","False","#000000","False","paragraph"
"Simply dummy text of the printing and typesetting industry. Lorem Ipsum has been the","14","14.311","False","#000000","False","paragraph"
"industry's standard dummy text ever since the 1500s, when an unknown printer took a","14","14.311","False","#000000","False","paragraph"
"galley of type and scrambled it to make a type specimen book. It has survived not only","17","14.311","False","#000000","False","paragraph"
"five centuries, but also the leap into electronic typesetting, remaining essentially","11","14.311","False","#000000","False","paragraph"
"unchanged. It was popularised in the 196","7","14.311","False","#000000","False","paragraph"
"Simply dummy text of the printing and typesetting industry. Lorem Ipsum has been the","14","14.311","False","#000000","False","paragraph"
"industry's standard dummy text ever since the 1500s, when an unknown printer took a","14","14.311","False","#000000","False","paragraph"
"galley of type and scrambled it to make a type specimen book. It has survived not only","17","14.311","False","#000000","False","paragraph"
"five centuries, but also the leap into electronic typesetting, remaining essentially","11","14.311","False","#000000","False","paragraph"
"unchanged. It was popularised in the 196","7","14.311","False","#000000","False","paragraph"
"s imply dummy text of the printing and typesetting industry. Lorem Ipsum has been the industry's","16","14.311","False","#000000","False","paragraph"
"standard dummy text ever since the 1500s, when an unknown printer took a galley of type and","17","14.311","False","#000000","False","paragraph"
"scrambled it to make a type specimen book. It has sur","11","14.311","False","#000000","False","paragraph"
