"line","word_count","font_size","is_bold","color","title_case","label"
"Table 6 : DISTRIBUTION (%) OF HOUSEHOLDS BY LITERACY STATUS OF","11","12.315","True","#000000","True","paragraph"
"MALE HEAD OF THE HOUSEHOLD","5","12.315","True","#000000","True","paragraph"
"Table 7 : DISTRIBUTION (%) OF HOUSEHOLDS BY LITERACY STATUS OF","11","12.315","True","#000000","True","paragraph"
"ADULT WOMEN","2","12.315","True","#000000","True","paragraph"
"NNMB","1","10.884","False","#000000","True","paragraph"
"75 Rural-Third Repeat Survey 2011-12","5","10.884","False","#000000","True","paragraph"
